version 2
JvmtiExport can_access_local_variables 0
JvmtiExport can_hotswap_or_post_breakpoint 1
JvmtiExport can_post_on_exceptions 0
# 297 ciObject found
instanceKlass java/util/jar/JarFile
ciInstanceKlass java/lang/Cloneable 1 0 7 100 1 100 1 1 1
instanceKlass org/apache/maven/internal/aether/ResolverLifecycle
instanceKlass org/apache/maven/internal/aether/DefaultRepositorySystemSessionFactory
instanceKlass org/apache/maven/extension/internal/CoreExportsProvider
instanceKlass org/apache/maven/plugin/MojoExecution
instanceKlass org/apache/maven/project/MavenProject
instanceKlass org/apache/maven/execution/scope/internal/MojoExecutionScope$ScopeState
instanceKlass org/apache/maven/execution/MojoExecutionEvent
instanceKlass org/apache/maven/execution/scope/MojoExecutionScoped
instanceKlass com/google/inject/RestrictedBindingSource$Permit
instanceKlass org/apache/maven/execution/scope/internal/MojoExecutionScope$1
instanceKlass org/apache/maven/execution/scope/internal/MojoExecutionScope
instanceKlass org/apache/maven/execution/MojoExecutionListener
instanceKlass org/eclipse/sisu/space/QualifiedTypeBinder$1
instanceKlass org/apache/maven/execution/DefaultMavenExecutionRequestPopulator
instanceKlass org/apache/maven/execution/MavenExecutionRequestPopulator
instanceKlass org/apache/maven/classrealm/DefaultClassRealmManager
instanceKlass org/apache/maven/classrealm/ClassRealmManager
instanceKlass org/apache/maven/SessionScoped
instanceKlass org/apache/maven/ReactorReader
instanceKlass org/apache/maven/repository/internal/MavenWorkspaceReader
instanceKlass org/eclipse/aether/repository/WorkspaceReader
instanceKlass org/apache/maven/DefaultArtifactFilterManager
instanceKlass org/apache/maven/ArtifactFilterManager
instanceKlass org/eclipse/sisu/space/WildcardKey$QualifiedImpl
instanceKlass org/eclipse/sisu/space/WildcardKey$Qualified
instanceKlass org/eclipse/sisu/space/WildcardKey
instanceKlass org/eclipse/sisu/Typed
instanceKlass org/sonatype/inject/EagerSingleton
instanceKlass org/eclipse/sisu/EagerSingleton
instanceKlass org/sonatype/inject/Mediator
instanceKlass org/eclipse/sisu/inject/TypeArguments
instanceKlass org/netbeans/modules/maven/event/NbEventSpy
instanceKlass org/apache/maven/eventspy/EventSpy
instanceKlass org/objectweb/asm/Context
instanceKlass org/objectweb/asm/Attribute
instanceKlass org/objectweb/asm/AnnotationVisitor
instanceKlass org/objectweb/asm/ClassReader
instanceKlass org/eclipse/sisu/space/IndexedClassFinder$1
instanceKlass org/eclipse/sisu/inject/Logs$SLF4JSink
instanceKlass org/eclipse/sisu/inject/Logs$Sink
instanceKlass org/eclipse/sisu/inject/Logs
instanceKlass org/eclipse/sisu/space/QualifierCache
instanceKlass org/eclipse/sisu/space/QualifiedTypeVisitor
instanceKlass org/eclipse/sisu/plexus/PlexusTypeVisitor$ComponentAnnotationVisitor
instanceKlass org/eclipse/sisu/space/AnnotationVisitor
instanceKlass org/eclipse/sisu/plexus/PlexusTypeVisitor
instanceKlass org/eclipse/sisu/space/ClassVisitor
instanceKlass org/eclipse/sisu/plexus/PlexusXmlBeanModule$PlexusXmlBeanSource
instanceKlass org/eclipse/sisu/inject/DescriptionSource
instanceKlass org/eclipse/sisu/inject/AnnotatedSource
instanceKlass org/eclipse/sisu/Priority
instanceKlass org/eclipse/sisu/Hidden
instanceKlass org/eclipse/sisu/Description
instanceKlass org/eclipse/sisu/inject/Sources
instanceKlass com/google/inject/Key$AnnotationInstanceStrategy
instanceKlass com/google/inject/name/NamedImpl
instanceKlass com/google/inject/name/Named
instanceKlass com/google/inject/name/Names
instanceKlass com/google/inject/internal/MoreTypes$ParameterizedTypeImpl
instanceKlass sun/reflect/generics/reflectiveObjects/ParameterizedTypeImpl
instanceKlass sun/reflect/generics/reflectiveObjects/LazyReflectiveObjectGenerator
instanceKlass org/apache/maven/wagon/Wagon
instanceKlass org/apache/maven/toolchain/ToolchainsBuilder
instanceKlass org/apache/maven/toolchain/ToolchainManagerPrivate
instanceKlass org/apache/maven/toolchain/ToolchainManager
instanceKlass org/apache/maven/toolchain/ToolchainFactory
instanceKlass org/apache/maven/settings/MavenSettingsBuilder
instanceKlass org/apache/maven/rtinfo/RuntimeInformation
instanceKlass org/apache/maven/project/artifact/ProjectArtifactsCache
instanceKlass org/apache/maven/project/artifact/MavenMetadataCache
instanceKlass org/apache/maven/project/ProjectRealmCache
instanceKlass org/apache/maven/project/ProjectDependenciesResolver
instanceKlass org/apache/maven/project/ProjectBuildingHelper
instanceKlass org/apache/maven/project/ProjectBuilder
instanceKlass org/apache/maven/project/MavenProjectHelper
instanceKlass org/apache/maven/plugin/version/PluginVersionResolver
instanceKlass org/apache/maven/plugin/prefix/PluginPrefixResolver
instanceKlass org/apache/maven/plugin/internal/PluginDependenciesResolver
instanceKlass org/apache/maven/plugin/PluginRealmCache
instanceKlass org/apache/maven/plugin/PluginManager
instanceKlass org/apache/maven/plugin/PluginDescriptorCache
instanceKlass org/apache/maven/plugin/PluginArtifactsCache
instanceKlass org/apache/maven/plugin/MavenPluginManager
instanceKlass org/apache/maven/plugin/LegacySupport
instanceKlass org/apache/maven/plugin/ExtensionRealmCache
instanceKlass org/apache/maven/plugin/BuildPluginManager
instanceKlass org/apache/maven/model/plugin/LifecycleBindingsInjector
instanceKlass org/apache/maven/lifecycle/internal/builder/BuilderCommon
instanceKlass org/apache/maven/lifecycle/internal/builder/Builder
instanceKlass org/apache/maven/lifecycle/internal/MojoExecutor
instanceKlass org/apache/maven/lifecycle/internal/MojoDescriptorCreator
instanceKlass org/apache/maven/lifecycle/internal/LifecycleTaskSegmentCalculator
instanceKlass org/apache/maven/lifecycle/internal/LifecycleStarter
instanceKlass org/apache/maven/lifecycle/internal/LifecyclePluginResolver
instanceKlass org/apache/maven/lifecycle/internal/LifecycleModuleBuilder
instanceKlass org/apache/maven/lifecycle/internal/LifecycleExecutionPlanCalculator
instanceKlass org/apache/maven/lifecycle/internal/LifecycleDebugLogger
instanceKlass org/apache/maven/lifecycle/internal/ExecutionEventCatapult
instanceKlass org/apache/maven/lifecycle/internal/BuildListCalculator
instanceKlass org/apache/maven/lifecycle/MojoExecutionConfigurator
instanceKlass org/apache/maven/lifecycle/LifecycleMappingDelegate
instanceKlass org/apache/maven/lifecycle/LifecycleExecutor
instanceKlass org/apache/maven/lifecycle/LifeCyclePluginAnalyzer
instanceKlass org/apache/maven/lifecycle/DefaultLifecycles
instanceKlass org/apache/maven/graph/GraphBuilder
instanceKlass org/apache/maven/eventspy/internal/EventSpyDispatcher
instanceKlass org/apache/maven/configuration/BeanConfigurator
instanceKlass org/apache/maven/bridge/MavenRepositorySystem
instanceKlass org/apache/maven/artifact/resolver/ResolutionErrorHandler
instanceKlass org/apache/maven/artifact/repository/metadata/io/MetadataReader
instanceKlass org/apache/maven/artifact/metadata/ArtifactMetadataSource
instanceKlass org/apache/maven/repository/legacy/metadata/ArtifactMetadataSource
instanceKlass org/apache/maven/artifact/handler/manager/ArtifactHandlerManager
instanceKlass org/apache/maven/artifact/factory/ArtifactFactory
instanceKlass org/apache/maven/ProjectDependenciesResolver
instanceKlass org/apache/maven/Maven
instanceKlass org/apache/maven/artifact/handler/ArtifactHandler
instanceKlass org/sonatype/plexus/components/sec/dispatcher/SecDispatcher
instanceKlass org/apache/maven/lifecycle/Lifecycle
instanceKlass org/eclipse/sisu/space/CloningClassSpace$1
instanceKlass org/apache/maven/lifecycle/mapping/LifecycleMapping
instanceKlass org/apache/maven/repository/metadata/GraphConflictResolver
instanceKlass org/apache/maven/repository/metadata/GraphConflictResolutionPolicy
instanceKlass org/eclipse/sisu/plexus/ConfigurationImpl
instanceKlass org/apache/maven/repository/metadata/ClasspathTransformation
instanceKlass org/apache/maven/repository/legacy/resolver/transform/ArtifactTransformationManager
instanceKlass org/apache/maven/repository/legacy/resolver/transform/ArtifactTransformation
instanceKlass org/apache/maven/repository/legacy/resolver/conflict/ConflictResolverFactory
instanceKlass org/apache/maven/repository/legacy/resolver/conflict/ConflictResolver
instanceKlass org/apache/maven/repository/legacy/repository/ArtifactRepositoryFactory
instanceKlass org/apache/maven/repository/legacy/UpdateCheckManager
instanceKlass org/apache/maven/repository/RepositorySystem
instanceKlass org/apache/maven/repository/MirrorSelector
instanceKlass org/apache/maven/project/validation/ModelValidator
instanceKlass org/apache/maven/project/path/PathTranslator
instanceKlass org/apache/maven/project/interpolation/ModelInterpolator
instanceKlass org/apache/maven/project/inheritance/ModelInheritanceAssembler
instanceKlass org/apache/maven/project/MavenProjectBuilder
instanceKlass org/apache/maven/profiles/MavenProfilesBuilder
instanceKlass org/apache/maven/execution/RuntimeInformation
instanceKlass java/lang/foreign/MemorySegment
instanceKlass org/apache/maven/artifact/resolver/ArtifactResolver
instanceKlass org/apache/maven/artifact/resolver/ArtifactCollector
instanceKlass org/apache/maven/repository/legacy/resolver/LegacyArtifactCollector
instanceKlass org/apache/maven/artifact/repository/metadata/RepositoryMetadataManager
instanceKlass org/apache/maven/artifact/repository/layout/ArtifactRepositoryLayout
instanceKlass org/apache/maven/artifact/repository/ArtifactRepositoryFactory
instanceKlass org/apache/maven/artifact/manager/WagonManager
instanceKlass org/apache/maven/repository/legacy/WagonManager
instanceKlass org/apache/maven/artifact/installer/ArtifactInstaller
instanceKlass org/eclipse/sisu/plexus/PlexusXmlMetadata
instanceKlass org/eclipse/sisu/plexus/Roles
instanceKlass org/apache/maven/artifact/deployer/ArtifactDeployer
instanceKlass org/eclipse/sisu/plexus/Hints
instanceKlass org/eclipse/sisu/space/AbstractDeferredClass
instanceKlass org/eclipse/sisu/plexus/RequirementImpl
instanceKlass org/codehaus/plexus/component/annotations/Requirement
instanceKlass org/eclipse/sisu/space/Streams
instanceKlass org/eclipse/sisu/plexus/ComponentImpl
instanceKlass org/codehaus/plexus/component/annotations/Component
instanceKlass org/eclipse/sisu/plexus/PlexusTypeRegistry
instanceKlass org/eclipse/sisu/plexus/PlexusXmlScanner
instanceKlass org/eclipse/sisu/space/QualifiedTypeBinder
instanceKlass org/eclipse/sisu/plexus/PlexusTypeBinder
instanceKlass com/google/inject/spi/InjectionRequest
instanceKlass org/eclipse/sisu/bean/BeanProperty
instanceKlass com/google/common/collect/ObjectArrays
instanceKlass com/google/inject/internal/Nullability
instanceKlass  @bci com/google/inject/internal/KotlinSupport$KotlinUnsupported <clinit> ()V 7 <appendix> argL0 ; # com/google/inject/internal/KotlinSupport$KotlinUnsupported$$Lambda+0x00000000210b0cf8
instanceKlass  @cpi com/google/inject/internal/KotlinSupport$KotlinUnsupported 71 form vmentry <vmtarget> ; # java/lang/invoke/LambdaForm$DMH+0x00000000210b4000
instanceKlass com/google/inject/internal/KotlinSupport$KotlinUnsupported
instanceKlass com/google/inject/internal/KotlinSupport$KotlinSupportHolder
instanceKlass com/google/inject/internal/KotlinSupportInterface
instanceKlass com/google/inject/internal/KotlinSupport
instanceKlass com/google/inject/spi/InjectionPoint$OverrideIndex
instanceKlass org/eclipse/sisu/inject/RankedBindings
instanceKlass org/eclipse/sisu/Mediator
instanceKlass sun/reflect/generics/tree/TypeVariableSignature
instanceKlass com/google/inject/Inject
instanceKlass javax/inject/Inject
instanceKlass  @bci com/google/inject/internal/DeclaredMembers getDeclaredFields (Ljava/lang/Class;)[Ljava/lang/reflect/Field; 38 <appendix> argL0 ; # com/google/inject/internal/DeclaredMembers$$Lambda+0x00000000210a96d8
instanceKlass  @bci com/google/inject/internal/DeclaredMembers getDeclaredFields (Ljava/lang/Class;)[Ljava/lang/reflect/Field; 20 <appendix> argL0 ; # com/google/inject/internal/DeclaredMembers$$Lambda+0x00000000210a9490
instanceKlass  @bci com/google/inject/internal/DeclaredMembers getDeclaredFields (Ljava/lang/Class;)[Ljava/lang/reflect/Field; 15 <appendix> argL0 ; # com/google/inject/internal/DeclaredMembers$$Lambda+0x00000000210a9248
instanceKlass  @bci com/google/inject/internal/DeclaredMembers getDeclaredFields (Ljava/lang/Class;)[Ljava/lang/reflect/Field; 7 <appendix> argL0 ; # com/google/inject/internal/DeclaredMembers$$Lambda+0x00000000210a9000
instanceKlass java/lang/reflect/WildcardType
instanceKlass com/google/inject/spi/InjectionPoint$InjectableMembers
instanceKlass com/google/inject/spi/InjectionPoint$InjectableMember
instanceKlass com/google/inject/spi/InjectionPoint
instanceKlass java/lang/reflect/ParameterizedType
instanceKlass com/google/inject/internal/MoreTypes$GenericArrayTypeImpl
instanceKlass com/google/inject/internal/MoreTypes$CompositeType
instanceKlass com/google/inject/Key$AnnotationTypeStrategy
instanceKlass com/google/common/cache/LocalCache$StrongValueReference
instanceKlass com/google/common/util/concurrent/AbstractFuture$Failure
instanceKlass com/google/common/util/concurrent/AbstractFuture$Cancellation
instanceKlass com/google/common/util/concurrent/AbstractFuture$DelegatingToFuture
instanceKlass com/google/common/util/concurrent/Platform
instanceKlass com/google/common/util/concurrent/Uninterruptibles
instanceKlass com/google/common/util/concurrent/AbstractFuture$Listener
instanceKlass com/google/common/util/concurrent/AbstractFutureState$Waiter
instanceKlass com/google/common/util/concurrent/LazyLogger
instanceKlass java/util/concurrent/Executor
instanceKlass com/google/common/util/concurrent/AbstractFutureState$AtomicHelper
instanceKlass com/google/common/util/concurrent/internal/InternalFutureFailureAccess
instanceKlass com/google/common/util/concurrent/AbstractFuture$Trusted
instanceKlass com/google/common/util/concurrent/ListenableFuture
instanceKlass  @bci sun/reflect/annotation/AnnotationParser parseEnumArray (ILjava/lang/Class;Ljava/nio/ByteBuffer;Ljdk/internal/reflect/ConstantPool;Ljava/lang/Class;)Ljava/lang/Object; 16 <appendix> form vmentry <vmtarget> ; # java/lang/invoke/LambdaForm$DMH+0x00000000210a8400
instanceKlass  @bci sun/reflect/annotation/AnnotationParser parseEnumArray (ILjava/lang/Class;Ljava/nio/ByteBuffer;Ljdk/internal/reflect/ConstantPool;Ljava/lang/Class;)Ljava/lang/Object; 16 <appendix> member <vmtarget> ; # sun/reflect/annotation/AnnotationParser$$Lambda+0x000000002102e728
instanceKlass java/lang/annotation/Documented
instanceKlass java/lang/annotation/Target
instanceKlass javax/inject/Named
instanceKlass javax/inject/Qualifier
instanceKlass com/google/inject/BindingAnnotation
instanceKlass javax/inject/Scope
instanceKlass com/google/inject/ScopeAnnotation
instanceKlass com/google/inject/internal/Annotations$AnnotationChecker
# instanceKlass java/lang/invoke/LambdaForm$MH+0x00000000210a8000
instanceKlass jdk/internal/classfile/impl/StackMapDecoder$1
instanceKlass jdk/internal/classfile/impl/StackMapDecoder
instanceKlass jdk/internal/classfile/impl/StackCounter
instanceKlass  @bci java/lang/reflect/ProxyGenerator lambda$generateLookupAccessor$0 (Ljava/lang/classfile/MethodBuilder;)V 30 <appendix> member <vmtarget> ; # java/lang/reflect/ProxyGenerator$$Lambda+0x000000002102cd90
instanceKlass  @bci java/lang/reflect/ProxyGenerator generateLookupAccessor (Ljava/lang/classfile/ClassBuilder;)V 10 <appendix> member <vmtarget> ; # java/lang/reflect/ProxyGenerator$$Lambda+0x000000002102cb50
instanceKlass  @bci java/lang/reflect/ProxyGenerator generateStaticInitializer (Ljava/lang/classfile/ClassBuilder;)V 10 <appendix> member <vmtarget> ; # java/lang/reflect/ProxyGenerator$$Lambda+0x000000002102c910
instanceKlass java/lang/classfile/attribute/StackMapTableAttribute
instanceKlass java/lang/classfile/attribute/StackMapFrameInfo
instanceKlass java/lang/classfile/instruction/ExceptionCatch
instanceKlass  @bci java/lang/reflect/ProxyGenerator$ProxyMethod lambda$generateMethod$0 (Ljava/lang/classfile/MethodBuilder;)V 30 <appendix> member <vmtarget> ; # java/lang/reflect/ProxyGenerator$ProxyMethod$$Lambda+0x000000002102bba0
instanceKlass java/lang/classfile/attribute/ExceptionsAttribute
instanceKlass  @bci java/lang/reflect/ProxyGenerator$ProxyMethod generateMethod (Ljava/lang/classfile/ClassBuilder;)V 42 <appendix> member <vmtarget> ; # java/lang/reflect/ProxyGenerator$ProxyMethod$$Lambda+0x000000002102b238
instanceKlass  @bci java/lang/reflect/ProxyGenerator generateConstructor (Ljava/lang/classfile/ClassBuilder;)V 8 <appendix> member <vmtarget> ; # java/lang/reflect/ProxyGenerator$$Lambda+0x000000002102aff8
instanceKlass  @bci java/lang/reflect/ProxyGenerator generateClassFile ()[B 197 <appendix> member <vmtarget> ; # java/lang/reflect/ProxyGenerator$$Lambda+0x000000002102adb8
instanceKlass  @bci java/lang/reflect/ProxyGenerator proxyMethodsFor (Ljava/lang/String;)Ljava/util/List; 5 <appendix> argL0 ; # java/lang/reflect/ProxyGenerator$$Lambda+0x000000002102ab70
instanceKlass java/lang/reflect/ProxyGenerator$ProxyMethod
instanceKlass java/lang/classfile/attribute/StackMapFrameInfo$ObjectVerificationTypeInfo
instanceKlass java/lang/classfile/attribute/StackMapFrameInfo$VerificationTypeInfo
instanceKlass java/util/StringJoiner
instanceKlass java/lang/classfile/ClassFile$Option
instanceKlass java/lang/reflect/ProxyGenerator
instanceKlass  @bci java/lang/WeakPairMap computeIfAbsent (Ljava/lang/Object;Ljava/lang/Object;Ljava/util/function/BiFunction;)Ljava/lang/Object; 18 <appendix> member <vmtarget> ; # java/lang/WeakPairMap$$Lambda+0x0000000021029ed8
instanceKlass  @bci java/lang/Module implAddExportsOrOpens (Ljava/lang/String;Ljava/lang/Module;ZZ)V 151 <appendix> argL0 ; # java/lang/Module$$Lambda+0x0000000021029ca0
instanceKlass  @bci java/lang/module/ModuleDescriptor$Builder packages (Ljava/util/Set;)Ljava/lang/module/ModuleDescriptor$Builder; 17 <appendix> argL0 ; # java/lang/module/ModuleDescriptor$Builder$$Lambda+0x80000000e
instanceKlass java/lang/WeakPairMap$Pair$Lookup
instanceKlass java/lang/WeakPairMap$Pair
instanceKlass java/lang/WeakPairMap
instanceKlass java/lang/Module$ReflectionData
instanceKlass jdk/internal/module/Checks
instanceKlass java/lang/module/ModuleDescriptor$Builder
instanceKlass  @bci java/lang/reflect/Proxy$ProxyBuilder getDynamicModule (Ljava/lang/ClassLoader;)Ljava/lang/Module; 4 <appendix> argL0 ; # java/lang/reflect/Proxy$ProxyBuilder$$Lambda+0x0000000021029310
instanceKlass java/lang/PublicMethods
instanceKlass java/util/Collections$1
instanceKlass java/lang/reflect/Proxy$ProxyBuilder
instanceKlass  @bci java/lang/reflect/Proxy getProxyConstructor (Ljava/lang/ClassLoader;[Ljava/lang/Class;)Ljava/lang/reflect/Constructor; 18 <appendix> argL0 ; # java/lang/reflect/Proxy$$Lambda+0x0000000021028698
instanceKlass java/lang/ClassValue$Identity
instanceKlass java/lang/ClassValue$Entry
instanceKlass java/lang/ClassValue
instanceKlass java/lang/reflect/Proxy
instanceKlass sun/reflect/annotation/AnnotationInvocationHandler
instanceKlass sun/reflect/annotation/ExceptionProxy
instanceKlass java/lang/annotation/Inherited
instanceKlass java/lang/annotation/Retention
instanceKlass sun/reflect/annotation/AnnotationType
instanceKlass java/lang/reflect/GenericArrayType
instanceKlass sun/reflect/generics/visitor/Reifier
instanceKlass sun/reflect/generics/visitor/TypeTreeVisitor
instanceKlass sun/reflect/generics/factory/CoreReflectionFactory
instanceKlass sun/reflect/generics/factory/GenericsFactory
instanceKlass sun/reflect/generics/scope/AbstractScope
instanceKlass sun/reflect/generics/scope/Scope
instanceKlass com/google/inject/internal/Annotations$TestAnnotation
instanceKlass com/google/inject/internal/Annotations$AnnotationToStringConfig
instanceKlass com/google/common/base/Joiner$MapJoiner
instanceKlass com/google/common/base/Joiner
instanceKlass java/lang/reflect/InvocationHandler
instanceKlass com/google/inject/internal/Annotations
instanceKlass org/eclipse/sisu/Parameters
instanceKlass org/eclipse/sisu/wire/ParameterKeys
instanceKlass com/google/inject/internal/util/StackTraceElements$InMemoryStackTraceElement
instanceKlass com/google/inject/internal/util/StackTraceElements
instanceKlass org/eclipse/sisu/wire/TypeConverterCache
instanceKlass com/google/inject/internal/Scoping
instanceKlass com/google/inject/internal/InternalFactory
instanceKlass java/lang/StackTraceElement$HashedModules
instanceKlass com/google/inject/internal/InternalFlags$1
instanceKlass com/google/inject/internal/InternalFlags
instanceKlass com/google/inject/spi/ProviderKeyBinding
instanceKlass com/google/inject/spi/ProviderInstanceBinding
instanceKlass com/google/inject/internal/DelayedInitialize
instanceKlass com/google/inject/spi/ConstructorBinding
instanceKlass com/google/inject/spi/InstanceBinding
instanceKlass com/google/inject/spi/HasDependencies
instanceKlass com/google/inject/spi/LinkedKeyBinding
instanceKlass com/google/inject/spi/UntargettedBinding
instanceKlass com/google/inject/internal/BindingImpl
instanceKlass com/google/inject/Key$AnnotationStrategy
instanceKlass org/eclipse/sisu/wire/ElementAnalyzer$1
instanceKlass com/google/inject/util/Modules$EmptyModule
instanceKlass com/google/inject/util/Modules$OverriddenModuleBuilder
instanceKlass com/google/inject/util/Modules
instanceKlass java/util/stream/Nodes$ArrayNode
instanceKlass  @bci com/google/inject/internal/DeclaredMembers getDeclaredMethods (Ljava/lang/Class;)[Ljava/lang/reflect/Method; 62 <appendix> argL0 ; # com/google/inject/internal/DeclaredMembers$$Lambda+0x000000002109b6a0
instanceKlass java/util/stream/SortedOps
instanceKlass com/google/common/collect/Ordering
instanceKlass  @bci com/google/inject/internal/DeclaredMembers getDeclaredMethods (Ljava/lang/Class;)[Ljava/lang/reflect/Method; 38 <appendix> argL0 ; # com/google/inject/internal/DeclaredMembers$$Lambda+0x0000000021098b30
instanceKlass  @bci com/google/inject/internal/DeclaredMembers getDeclaredMethods (Ljava/lang/Class;)[Ljava/lang/reflect/Method; 33 <appendix> argL0 ; # com/google/inject/internal/DeclaredMembers$$Lambda+0x00000000210988e8
instanceKlass  @bci java/util/Comparator thenComparing (Ljava/util/Comparator;)Ljava/util/Comparator; 7 <appendix> member <vmtarget> ; # java/util/Comparator$$Lambda+0x0000000021023ff8
instanceKlass  @cpi java/util/Comparator 251 form vmentry <vmtarget> ; # java/lang/invoke/LambdaForm$DMH+0x000000002109c400
instanceKlass  @bci java/util/Comparator comparing (Ljava/util/function/Function;Ljava/util/Comparator;)Ljava/util/Comparator; 12 <appendix> member <vmtarget> ; # java/util/Comparator$$Lambda+0x0000000021023d50
instanceKlass  @bci com/google/inject/internal/DeclaredMembers getDeclaredMethods (Ljava/lang/Class;)[Ljava/lang/reflect/Method; 20 <appendix> argL0 ; # com/google/inject/internal/DeclaredMembers$$Lambda+0x00000000210986a0
instanceKlass  @bci com/google/inject/internal/DeclaredMembers getDeclaredMethods (Ljava/lang/Class;)[Ljava/lang/reflect/Method; 15 <appendix> argL0 ; # com/google/inject/internal/DeclaredMembers$$Lambda+0x0000000021098458
instanceKlass  @bci java/util/Comparator comparing (Ljava/util/function/Function;)Ljava/util/Comparator; 6 <appendix> member <vmtarget> ; # java/util/Comparator$$Lambda+0x0000000021023aa8
instanceKlass jdk/internal/classfile/impl/BytecodeHelpers$1
instanceKlass java/lang/invoke/TypeConvertingMethodAdapter$1
instanceKlass java/lang/classfile/constantpool/IntegerEntry
instanceKlass sun/invoke/util/BytecodeDescriptor
instanceKlass java/lang/classfile/constantpool/StringEntry
instanceKlass java/lang/classfile/constantpool/ConstantValueEntry
instanceKlass java/lang/invoke/InnerClassLambdaMetafactory$4
instanceKlass java/lang/invoke/InnerClassLambdaMetafactory$SerializationSupport
instanceKlass  @cpi java/util/Comparator 259 form vmentry <vmtarget> ; # java/lang/invoke/LambdaForm$DMH+0x000000002109c000
instanceKlass  @bci com/google/inject/internal/DeclaredMembers getDeclaredMethods (Ljava/lang/Class;)[Ljava/lang/reflect/Method; 7 <appendix> argL0 ; # com/google/inject/internal/DeclaredMembers$$Lambda+0x0000000021098210
instanceKlass com/google/inject/internal/DeclaredMembers
instanceKlass com/google/common/base/ExtraObjectsMethodsForWeb
instanceKlass com/google/common/collect/ImmutableMap$Builder
instanceKlass com/google/inject/internal/MoreTypes
instanceKlass com/google/inject/multibindings/ProvidesIntoOptional
instanceKlass com/google/inject/multibindings/ProvidesIntoMap
instanceKlass com/google/inject/multibindings/ProvidesIntoSet
instanceKlass com/google/inject/Provides
instanceKlass javax/inject/Singleton
instanceKlass com/google/inject/spi/ElementSource
instanceKlass com/google/inject/spi/ScopeBinding
instanceKlass com/google/inject/Scopes$2
instanceKlass com/google/inject/Scopes$1
instanceKlass com/google/inject/internal/SingletonScope
instanceKlass com/google/inject/Scopes
instanceKlass com/google/inject/Singleton
instanceKlass com/google/inject/spi/Elements$ModuleInfo
instanceKlass com/google/inject/PrivateModule
instanceKlass  @bci java/util/stream/Collectors toList ()Ljava/util/stream/Collector; 14 <appendix> argL0 ; # java/util/stream/Collectors$$Lambda+0x0000000021022110
instanceKlass  @bci java/util/stream/Collectors toList ()Ljava/util/stream/Collector; 9 <appendix> argL0 ; # java/util/stream/Collectors$$Lambda+0x0000000021021ed8
instanceKlass  @bci java/util/stream/Collectors toList ()Ljava/util/stream/Collector; 4 <appendix> argL0 ; # java/util/stream/Collectors$$Lambda+0x0000000021021cb0
instanceKlass  @bci com/google/inject/spi/BindingSourceRestriction$PermitMapConstruction pushModule (Ljava/lang/Class;Lcom/google/inject/spi/ModuleSource;)V 5 <appendix> member <vmtarget> ; # com/google/inject/spi/BindingSourceRestriction$PermitMapConstruction$$Lambda+0x0000000021091988
instanceKlass  @bci com/google/inject/spi/BindingSourceRestriction getPermits (Ljava/lang/Class;)Ljava/util/stream/Stream; 43 <appendix> argL0 ; # com/google/inject/spi/BindingSourceRestriction$$Lambda+0x0000000021091730
instanceKlass  @bci com/google/inject/spi/BindingSourceRestriction getPermits (Ljava/lang/Class;)Ljava/util/stream/Stream; 33 <appendix> argL0 ; # com/google/inject/spi/BindingSourceRestriction$$Lambda+0x00000000210914e8
instanceKlass  @cpi com/google/inject/spi/BindingSourceRestriction 358 form vmentry <vmtarget> ; # java/lang/invoke/LambdaForm$DMH+0x0000000021094000
instanceKlass java/util/stream/Streams$2
instanceKlass java/util/stream/Streams$ConcatSpliterator
instanceKlass sun/reflect/annotation/AnnotatedTypeFactory$AnnotatedTypeBaseImpl
instanceKlass java/lang/reflect/AnnotatedType
instanceKlass sun/reflect/annotation/AnnotatedTypeFactory
instanceKlass sun/reflect/annotation/TypeAnnotation$LocationInfo$Location
instanceKlass sun/reflect/annotation/TypeAnnotation$LocationInfo
instanceKlass sun/reflect/generics/tree/ClassSignature
instanceKlass sun/reflect/generics/tree/Signature
instanceKlass sun/reflect/generics/tree/ClassTypeSignature
instanceKlass sun/reflect/generics/tree/SimpleClassTypeSignature
instanceKlass sun/reflect/generics/tree/FieldTypeSignature
instanceKlass sun/reflect/generics/tree/BaseType
instanceKlass sun/reflect/generics/tree/TypeSignature
instanceKlass sun/reflect/generics/tree/ReturnType
instanceKlass sun/reflect/generics/tree/TypeArgument
instanceKlass sun/reflect/generics/tree/FormalTypeParameter
instanceKlass sun/reflect/generics/tree/TypeTree
instanceKlass sun/reflect/generics/tree/Tree
instanceKlass sun/reflect/generics/parser/SignatureParser
instanceKlass java/lang/reflect/TypeVariable
instanceKlass sun/reflect/generics/repository/AbstractRepository
instanceKlass sun/reflect/annotation/TypeAnnotation
instanceKlass sun/reflect/annotation/TypeAnnotationParser
instanceKlass java/lang/Class$AnnotationData
instanceKlass com/google/inject/RestrictedBindingSource
instanceKlass com/google/inject/spi/BindingSourceRestriction
instanceKlass com/google/inject/spi/ModuleSource
instanceKlass com/google/inject/internal/ProviderMethodsModule
instanceKlass com/google/inject/spi/BindingSourceRestriction$PermitMapConstruction$PermitMapImpl
instanceKlass com/google/inject/spi/BindingSourceRestriction$PermitMap
instanceKlass com/google/inject/spi/BindingSourceRestriction$PermitMapConstruction
instanceKlass com/google/common/collect/Hashing
instanceKlass com/google/common/math/IntMath$1
instanceKlass com/google/common/math/MathPreconditions
instanceKlass com/google/common/math/IntMath
instanceKlass com/google/inject/internal/AbstractBindingBuilder
instanceKlass com/google/inject/binder/ConstantBindingBuilder
instanceKlass com/google/inject/binder/AnnotatedElementBuilder
instanceKlass com/google/inject/spi/Elements$RecordingBinder
instanceKlass com/google/inject/Binding
instanceKlass com/google/inject/spi/DefaultBindingTargetVisitor
instanceKlass com/google/inject/spi/BindingTargetVisitor
instanceKlass com/google/inject/spi/Elements
instanceKlass com/google/inject/internal/InjectorShell$RootModule
instanceKlass com/google/common/collect/ListMultimap
instanceKlass com/google/inject/internal/InjectorBindingData
instanceKlass java/util/concurrent/atomic/AtomicReferenceArray
instanceKlass java/util/concurrent/Future
instanceKlass com/google/common/cache/LocalCache$LoadingValueReference
instanceKlass java/util/concurrent/ConcurrentLinkedQueue$Node
instanceKlass com/google/common/cache/Weigher
instanceKlass com/google/common/base/Predicate
instanceKlass com/google/common/base/Equivalence
instanceKlass java/util/function/BiPredicate
instanceKlass com/google/common/base/MoreObjects
instanceKlass com/google/common/cache/LocalCache$1
instanceKlass com/google/common/cache/ReferenceEntry
instanceKlass com/google/common/cache/CacheLoader
instanceKlass com/google/common/cache/LocalCache$LocalManualCache
instanceKlass  @bci com/google/inject/internal/WeakKeySet <init> (Ljava/lang/Object;)V 12 <appendix> member <vmtarget> ; # com/google/inject/internal/WeakKeySet$$Lambda+0x0000000021085e80
instanceKlass  @cpi java/lang/reflect/ProxyGenerator$ProxyMethod 445 form vmentry <vmtarget> ; # java/lang/invoke/LambdaForm$DMH+0x0000000021088000
instanceKlass java/util/AbstractMap$SimpleImmutableEntry
instanceKlass com/google/common/cache/RemovalListener
instanceKlass com/google/common/cache/LocalCache$ValueReference
instanceKlass com/google/common/cache/CacheBuilder$2
instanceKlass com/google/common/cache/CacheStats
instanceKlass com/google/common/base/Suppliers$SupplierOfInstance
instanceKlass com/google/common/base/Suppliers
instanceKlass com/google/common/cache/CacheBuilder$1
instanceKlass com/google/common/cache/AbstractCache$StatsCounter
instanceKlass com/google/common/cache/LoadingCache
instanceKlass com/google/common/cache/Cache
instanceKlass com/google/common/base/Supplier
instanceKlass com/google/common/cache/CacheBuilder
instanceKlass com/google/inject/internal/WeakKeySet
instanceKlass com/google/common/collect/Sets
instanceKlass com/google/inject/internal/InjectorJitBindingData
instanceKlass java/util/Arrays$ArrayItr
instanceKlass com/google/inject/internal/ProcessedBindingData
instanceKlass com/google/inject/spi/DefaultElementVisitor
instanceKlass com/google/inject/internal/InjectorShell$Builder
instanceKlass com/google/common/collect/Lists
instanceKlass com/google/common/collect/CollectPreconditions
instanceKlass com/google/common/collect/LinkedHashMultimap$MultimapIterationChain
instanceKlass com/google/common/collect/Platform
instanceKlass com/google/common/collect/Multiset
instanceKlass com/google/common/collect/AbstractMultimap
instanceKlass com/google/common/collect/SetMultimap
instanceKlass com/google/common/collect/ImmutableMap
instanceKlass com/google/common/base/Converter
instanceKlass com/google/common/base/Function
instanceKlass com/google/common/collect/BiMap
instanceKlass com/google/common/collect/SortedMapDifference
instanceKlass com/google/common/collect/MapDifference
instanceKlass com/google/common/collect/Maps
instanceKlass com/google/inject/internal/CycleDetectingLock
instanceKlass com/google/common/collect/Multimap
instanceKlass com/google/inject/internal/CycleDetectingLock$CycleDetectingLockFactory
instanceKlass com/google/inject/internal/Initializable
instanceKlass com/google/inject/internal/Initializer
instanceKlass com/google/common/collect/PeekingIterator
instanceKlass com/google/common/collect/UnmodifiableIterator
instanceKlass com/google/common/collect/Iterators
instanceKlass com/google/common/collect/ImmutableCollection$Builder
instanceKlass com/google/common/collect/ImmutableSet$SetBuilderImpl
instanceKlass com/google/inject/internal/util/SourceProvider
instanceKlass com/google/inject/spi/ErrorDetail
instanceKlass com/google/inject/internal/Errors
instanceKlass com/google/common/base/Preconditions
instanceKlass java/util/logging/Logger$SystemLoggerHelper
instanceKlass jdk/internal/logger/BootstrapLogger$BootstrapExecutors
instanceKlass jdk/internal/logger/BootstrapLogger$RedirectedLoggers
instanceKlass java/util/Spliterators$1Adapter
instanceKlass java/util/Spliterators$ArraySpliterator
instanceKlass jdk/internal/logger/BootstrapLogger$DetectBackend
instanceKlass jdk/internal/logger/BootstrapLogger
instanceKlass sun/util/logging/PlatformLogger$ConfigurableBridge
instanceKlass sun/util/logging/PlatformLogger$Bridge
instanceKlass java/lang/System$Logger
instanceKlass  @bci java/util/stream/MatchOps makeRef (Ljava/util/function/Predicate;Ljava/util/stream/MatchOps$MatchKind;)Ljava/util/stream/TerminalOp; 20 <appendix> member <vmtarget> ; # java/util/stream/MatchOps$$Lambda+0x800000004
instanceKlass java/util/stream/MatchOps$BooleanTerminalSink
instanceKlass java/util/stream/MatchOps$MatchOp
instanceKlass java/util/stream/MatchOps
instanceKlass java/util/stream/Streams
instanceKlass java/util/stream/Stream$Builder
instanceKlass java/util/stream/Streams$AbstractStreamBuilderImpl
instanceKlass java/util/stream/ReferencePipeline$7$1FlatMap
instanceKlass  @bci java/util/logging/Level$KnownLevel findByName (Ljava/lang/String;Ljava/util/function/Function;)Ljava/util/Optional; 29 <appendix> argL0 ; # java/util/logging/Level$KnownLevel$$Lambda+0x800000022
instanceKlass  @bci java/util/logging/Level findLevel (Ljava/lang/String;)Ljava/util/logging/Level; 13 <appendix> argL0 ; # java/util/logging/Level$$Lambda+0x80000001f
instanceKlass java/util/Hashtable$Enumerator
instanceKlass java/util/logging/LogManager$VisitedLoggers
instanceKlass  @bci java/util/logging/LogManager$LoggerContext addLocalLogger (Ljava/util/logging/Logger;Z)Z 95 <appendix> form vmentry <vmtarget> ; # java/lang/invoke/LambdaForm$MH+0x0000000021074000
instanceKlass java/lang/invoke/StringConcatFactory
instanceKlass java/lang/System$LoggerFinder
instanceKlass java/util/logging/LogManager$LoggingProviderAccess
instanceKlass sun/util/logging/internal/LoggingProviderImpl$LogManagerAccess
instanceKlass java/util/Collections$SynchronizedMap
instanceKlass java/util/logging/LogManager$LogNode
instanceKlass java/util/logging/LogManager$LoggerContext
instanceKlass java/util/logging/LogManager
instanceKlass java/util/logging/Logger$ConfigurationData
instanceKlass java/util/logging/Logger$LoggerBundle
instanceKlass  @bci java/util/logging/Level$KnownLevel add (Ljava/util/logging/Level;)V 49 <appendix> argL0 ; # java/util/logging/Level$KnownLevel$$Lambda+0x800000021
instanceKlass  @bci java/util/logging/Level$KnownLevel add (Ljava/util/logging/Level;)V 19 <appendix> argL0 ; # java/util/logging/Level$KnownLevel$$Lambda+0x800000020
instanceKlass java/util/logging/Level
instanceKlass java/util/logging/Handler
instanceKlass java/util/logging/Logger
instanceKlass com/google/common/base/Ticker
instanceKlass com/google/common/base/Stopwatch
instanceKlass com/google/inject/internal/util/ContinuousStopwatch
instanceKlass com/google/inject/Injector
instanceKlass com/google/inject/internal/InternalInjectorCreator
instanceKlass com/google/inject/Guice
instanceKlass org/eclipse/sisu/wire/Wiring
instanceKlass org/eclipse/sisu/wire/WireModule$Strategy$1
instanceKlass org/eclipse/sisu/wire/WireModule$Strategy
instanceKlass org/eclipse/sisu/wire/AbstractTypeConverter
instanceKlass com/google/inject/spi/ElementVisitor
instanceKlass org/eclipse/sisu/wire/WireModule
instanceKlass org/eclipse/sisu/bean/BeanBinder
instanceKlass org/eclipse/sisu/plexus/PlexusBindingModule
instanceKlass org/codehaus/plexus/DefaultPlexusContainer$BootModule
instanceKlass org/codehaus/plexus/component/annotations/Configuration
instanceKlass org/eclipse/sisu/plexus/PlexusAnnotatedMetadata
instanceKlass org/eclipse/sisu/plexus/PlexusBeanMetadata
instanceKlass org/eclipse/sisu/plexus/PlexusAnnotatedBeanModule$PlexusAnnotatedBeanSource
instanceKlass org/eclipse/sisu/space/SpaceModule$2
instanceKlass org/eclipse/sisu/space/SpaceModule$Strategy$2
instanceKlass org/eclipse/sisu/space/SpaceModule$Strategy$1
instanceKlass org/eclipse/sisu/space/DefaultClassFinder
instanceKlass org/objectweb/asm/ClassVisitor
instanceKlass org/eclipse/sisu/space/SpaceScanner
instanceKlass org/eclipse/sisu/space/IndexedClassFinder
instanceKlass org/eclipse/sisu/space/ClassFinder
instanceKlass org/eclipse/sisu/space/SpaceModule
instanceKlass org/eclipse/sisu/space/SpaceVisitor
instanceKlass org/eclipse/sisu/plexus/PlexusTypeListener
instanceKlass org/eclipse/sisu/space/QualifiedTypeListener
instanceKlass org/eclipse/sisu/plexus/PlexusAnnotatedBeanModule$1
instanceKlass org/eclipse/sisu/space/SpaceModule$Strategy
instanceKlass org/eclipse/sisu/plexus/PlexusAnnotatedBeanModule
instanceKlass org/eclipse/sisu/plexus/PlexusBeanSource
instanceKlass org/eclipse/sisu/plexus/PlexusXmlBeanModule
instanceKlass org/eclipse/sisu/plexus/PlexusBeanModule
instanceKlass org/eclipse/sisu/space/URLClassSpace
instanceKlass org/codehaus/plexus/DefaultPlexusContainer$SLF4JLoggerFactoryProvider
instanceKlass com/google/inject/util/Providers$ConstantProvider
instanceKlass com/google/inject/util/Providers
instanceKlass org/codehaus/plexus/personality/plexus/lifecycle/phase/Disposable
instanceKlass org/codehaus/plexus/personality/plexus/lifecycle/phase/Startable
instanceKlass org/codehaus/plexus/personality/plexus/lifecycle/phase/Initializable
instanceKlass org/codehaus/plexus/personality/plexus/lifecycle/phase/Contextualizable
instanceKlass org/codehaus/plexus/logging/LogEnabled
instanceKlass org/eclipse/sisu/bean/PropertyBinding
instanceKlass javax/annotation/PreDestroy
instanceKlass javax/annotation/PostConstruct
instanceKlass org/eclipse/sisu/bean/LifecycleBuilder
instanceKlass org/eclipse/sisu/bean/BeanScheduler$1
instanceKlass com/google/inject/spi/DefaultBindingScopingVisitor
instanceKlass com/google/inject/spi/BindingScopingVisitor
instanceKlass org/eclipse/sisu/bean/BeanScheduler$CycleActivator
instanceKlass com/google/inject/spi/ModuleAnnotatedMethodScanner
instanceKlass com/google/inject/spi/TypeListener
instanceKlass com/google/inject/MembersInjector
instanceKlass com/google/inject/binder/AnnotatedConstantBindingBuilder
instanceKlass org/aopalliance/intercept/MethodInterceptor
instanceKlass org/aopalliance/intercept/Interceptor
instanceKlass org/aopalliance/aop/Advice
instanceKlass com/google/inject/PrivateBinder
instanceKlass com/google/inject/spi/Message
instanceKlass com/google/inject/spi/Element
instanceKlass com/google/inject/Scope
instanceKlass com/google/inject/spi/Dependency
instanceKlass com/google/inject/TypeLiteral
instanceKlass com/google/inject/Key
instanceKlass com/google/inject/binder/AnnotatedBindingBuilder
instanceKlass com/google/inject/binder/LinkedBindingBuilder
instanceKlass com/google/inject/binder/ScopedBindingBuilder
instanceKlass com/google/inject/spi/ProvisionListener
instanceKlass com/google/inject/Binder
instanceKlass org/eclipse/sisu/bean/BeanScheduler
instanceKlass org/eclipse/sisu/plexus/DefaultPlexusBeanLocator
instanceKlass org/eclipse/sisu/plexus/RealmManager
instanceKlass org/codehaus/plexus/context/ContextMapAdapter
instanceKlass org/codehaus/plexus/context/DefaultContext
instanceKlass org/codehaus/plexus/logging/AbstractLogger
instanceKlass org/codehaus/plexus/logging/AbstractLoggerManager
instanceKlass java/util/Date
instanceKlass java/text/DigitList
instanceKlass java/text/FieldPosition
instanceKlass java/text/DecimalFormatSymbols
instanceKlass java/text/DateFormatSymbols
instanceKlass sun/util/calendar/CalendarUtils
instanceKlass sun/util/calendar/CalendarDate
instanceKlass sun/util/resources/Bundles$CacheKeyReference
instanceKlass java/util/ResourceBundle$ResourceBundleProviderHelper
instanceKlass  @bci sun/util/cldr/CLDRLocaleProviderAdapter applyAliases (Ljava/util/Locale;)Ljava/util/Locale; 4 <appendix> argL0 ; # sun/util/cldr/CLDRLocaleProviderAdapter$$Lambda+0x80000005a
instanceKlass sun/util/resources/Bundles$CacheKey
instanceKlass java/util/ResourceBundle$1
instanceKlass jdk/internal/access/JavaUtilResourceBundleAccess
instanceKlass sun/util/resources/Bundles
instanceKlass sun/util/resources/LocaleData$LocaleDataStrategy
instanceKlass sun/util/resources/Bundles$Strategy
instanceKlass sun/util/resources/LocaleData
instanceKlass sun/util/locale/provider/LocaleResources
instanceKlass java/util/stream/Node$Builder
instanceKlass java/util/stream/AbstractSpinedBuffer
instanceKlass java/util/stream/Node$OfDouble
instanceKlass java/util/stream/Node$OfLong
instanceKlass java/util/stream/Node$OfInt
instanceKlass java/util/stream/Node$OfPrimitive
instanceKlass java/util/stream/Nodes$EmptyNode
instanceKlass java/util/stream/Node
instanceKlass java/util/stream/Nodes
instanceKlass  @bci sun/util/locale/provider/LocaleProviderAdapter toLocaleArray (Ljava/util/Set;)[Ljava/util/Locale; 21 <appendix> argL0 ; # sun/util/locale/provider/LocaleProviderAdapter$$Lambda+0x80000005d
instanceKlass java/util/function/IntFunction
instanceKlass java/util/stream/DistinctOps
instanceKlass  @bci sun/util/locale/provider/LocaleProviderAdapter toLocaleArray (Ljava/util/Set;)[Ljava/util/Locale; 6 <appendix> argL0 ; # sun/util/locale/provider/LocaleProviderAdapter$$Lambda+0x80000005b
instanceKlass java/util/Spliterators$IteratorSpliterator
instanceKlass java/util/Spliterators
instanceKlass  @bci java/util/ResourceBundle$Control getCandidateLocales (Ljava/lang/String;Ljava/util/Locale;)Ljava/util/List; 23 <appendix> argL0 ; # java/util/ResourceBundle$Control$$Lambda+0x80000001d
instanceKlass  @bci java/util/ResourceBundle$Control <clinit> ()V 39 <appendix> argL0 ; # java/util/ResourceBundle$Control$$Lambda+0x80000001e
instanceKlass java/util/ResourceBundle
instanceKlass java/util/ResourceBundle$Control
instanceKlass sun/util/locale/provider/CalendarDataUtility$CalendarWeekParameterGetter
instanceKlass sun/util/locale/provider/LocaleServiceProviderPool$LocalizedObjectGetter
instanceKlass sun/util/locale/provider/LocaleServiceProviderPool
instanceKlass java/util/Locale$Builder
instanceKlass sun/util/locale/provider/CalendarDataUtility
instanceKlass sun/util/calendar/CalendarSystem$GregorianHolder
instanceKlass sun/util/calendar/CalendarSystem
instanceKlass java/util/Calendar$Builder
instanceKlass sun/util/locale/provider/AvailableLanguageTags
instanceKlass java/util/ServiceLoader$ProviderImpl
instanceKlass java/util/ServiceLoader$Provider
instanceKlass sun/util/resources/cldr/provider/CLDRLocaleDataMetaInfo
instanceKlass jdk/internal/module/ModulePatcher$PatchedModuleReader
instanceKlass java/util/ServiceLoader$2
instanceKlass java/util/ServiceLoader$1
instanceKlass java/util/ServiceLoader$LazyClassPathLookupIterator
instanceKlass java/util/concurrent/CopyOnWriteArrayList$COWIterator
instanceKlass java/util/ServiceLoader$ModuleServicesLookupIterator
instanceKlass java/util/ServiceLoader
instanceKlass sun/util/locale/InternalLocaleBuilder$CaseInsensitiveChar
instanceKlass sun/util/locale/InternalLocaleBuilder
instanceKlass sun/util/locale/StringTokenIterator
instanceKlass java/text/ParsePosition
instanceKlass sun/util/cldr/CLDRBaseLocaleDataMetaInfo
instanceKlass sun/util/locale/provider/LocaleDataMetaInfo
instanceKlass sun/util/locale/provider/ResourceBundleBasedAdapter
instanceKlass sun/util/locale/provider/LocaleProviderAdapter
instanceKlass java/util/spi/LocaleServiceProvider
instanceKlass sun/util/calendar/ZoneInfoFile$ZoneOffsetTransitionRule
instanceKlass java/lang/invoke/VarHandle$AccessDescriptor
instanceKlass java/lang/invoke/VarForm
instanceKlass java/lang/invoke/VarHandleGuards
instanceKlass java/lang/invoke/VarHandles
instanceKlass jdk/internal/util/ByteArray
instanceKlass sun/util/calendar/ZoneInfoFile
instanceKlass java/time/ZoneId
instanceKlass java/util/TimeZone
instanceKlass java/util/Calendar
instanceKlass java/text/AttributedCharacterIterator$Attribute
instanceKlass com/google/inject/matcher/AbstractMatcher
instanceKlass com/google/inject/matcher/Matcher
instanceKlass com/google/inject/spi/TypeConverter
instanceKlass org/codehaus/plexus/DefaultPlexusContainer$LoggerProvider
instanceKlass org/codehaus/plexus/DefaultPlexusContainer$DefaultsModule
instanceKlass org/codehaus/plexus/DefaultPlexusContainer$ContainerModule
instanceKlass java/util/concurrent/locks/ReentrantReadWriteLock$WriteLock
instanceKlass java/util/concurrent/locks/ReentrantReadWriteLock$ReadLock
instanceKlass java/util/concurrent/locks/ReentrantReadWriteLock
instanceKlass java/util/concurrent/locks/ReadWriteLock
instanceKlass org/eclipse/sisu/inject/ImplicitBindings
instanceKlass org/eclipse/sisu/inject/MildValues$InverseMapping
instanceKlass org/eclipse/sisu/inject/MildValues
instanceKlass org/eclipse/sisu/inject/Weak
instanceKlass sun/reflect/misc/ReflectUtil
instanceKlass java/util/concurrent/atomic/AtomicReferenceFieldUpdater
instanceKlass org/eclipse/sisu/inject/RankedSequence$Content
instanceKlass org/eclipse/sisu/inject/RankedSequence
instanceKlass org/eclipse/sisu/inject/BindingSubscriber
instanceKlass org/eclipse/sisu/inject/DefaultBeanLocator
instanceKlass org/eclipse/sisu/inject/DeferredClass
instanceKlass org/codehaus/plexus/DefaultPlexusContainer$LoggerManagerProvider
instanceKlass org/eclipse/sisu/inject/DeferredProvider
instanceKlass com/google/inject/Provider
instanceKlass com/google/inject/AbstractModule
instanceKlass org/codehaus/plexus/context/Context
instanceKlass org/eclipse/sisu/inject/BindingPublisher
instanceKlass org/eclipse/sisu/inject/RankingFunction
instanceKlass org/eclipse/sisu/space/ClassSpace
instanceKlass javax/inject/Provider
instanceKlass org/eclipse/sisu/bean/BeanManager
instanceKlass org/eclipse/sisu/plexus/PlexusBeanLocator
instanceKlass org/codehaus/plexus/classworlds/ClassWorldListener
instanceKlass com/google/inject/Module
instanceKlass org/eclipse/sisu/inject/MutableBeanLocator
instanceKlass org/eclipse/sisu/inject/BeanLocator
instanceKlass jdk/internal/foreign/MemorySessionImpl
instanceKlass java/lang/foreign/MemorySegment$Scope
instanceKlass org/codehaus/plexus/DefaultPlexusContainer
instanceKlass org/codehaus/plexus/MutablePlexusContainer
instanceKlass java/util/stream/ReduceOps$AccumulatingSink
instanceKlass java/util/stream/ReduceOps$Box
instanceKlass java/util/stream/ReduceOps$ReduceOp
instanceKlass java/util/stream/ReduceOps
instanceKlass  @bci java/util/function/Function andThen (Ljava/util/function/Function;)Ljava/util/function/Function; 7 <appendix> member <vmtarget> ; # java/util/function/Function$$Lambda+0x0000000021014d88
instanceKlass  @cpi java/util/function/Function 58 form vmentry <vmtarget> ; # java/lang/invoke/LambdaForm$DMH+0x0000000021060000
instanceKlass  @bci org/apache/maven/extension/internal/CoreExports <init> (Lorg/codehaus/plexus/classworlds/realm/ClassRealm;Ljava/util/Set;Ljava/util/Set;)V 38 <appendix> argL0 ; # org/apache/maven/extension/internal/CoreExports$$Lambda+0x000000002105d998
instanceKlass  @bci java/util/stream/Collectors castingIdentity ()Ljava/util/function/Function; 0 <appendix> argL0 ; # java/util/stream/Collectors$$Lambda+0x800000042
instanceKlass  @bci java/util/stream/Collectors uniqKeysMapMerger ()Ljava/util/function/BinaryOperator; 0 <appendix> argL0 ; # java/util/stream/Collectors$$Lambda+0x0000000021014b38
instanceKlass java/util/function/BinaryOperator
instanceKlass  @bci java/util/stream/Collectors uniqKeysMapAccumulator (Ljava/util/function/Function;Ljava/util/function/Function;)Ljava/util/function/BiConsumer; 2 <appendix> member <vmtarget> ; # java/util/stream/Collectors$$Lambda+0x00000000210148f8
instanceKlass  @bci java/util/stream/Collectors toMap (Ljava/util/function/Function;Ljava/util/function/Function;)Ljava/util/stream/Collector; 4 <appendix> argL0 ; # java/util/stream/Collectors$$Lambda+0x00000000210146d0
instanceKlass java/util/stream/Collector
instanceKlass java/util/stream/Collectors
instanceKlass  @bci org/apache/maven/extension/internal/CoreExports <init> (Lorg/codehaus/plexus/classworlds/realm/ClassRealm;Ljava/util/Set;Ljava/util/Set;)V 30 <appendix> member <vmtarget> ; # org/apache/maven/extension/internal/CoreExports$$Lambda+0x000000002105d748
instanceKlass  @bci java/util/function/Function identity ()Ljava/util/function/Function; 0 <appendix> argL0 ; # java/util/function/Function$$Lambda+0x0000000021014288
instanceKlass java/lang/classfile/constantpool/InterfaceMethodRefEntry
instanceKlass java/util/HashMap$HashMapSpliterator
instanceKlass org/apache/maven/extension/internal/CoreExports
instanceKlass java/util/Collections$UnmodifiableCollection$1
instanceKlass org/codehaus/plexus/DefaultContainerConfiguration
instanceKlass org/codehaus/plexus/ContainerConfiguration
instanceKlass org/codehaus/plexus/util/BaseIOUtil
instanceKlass org/codehaus/plexus/util/xml/XMLWriter
instanceKlass org/codehaus/plexus/util/xml/Xpp3Dom
instanceKlass org/codehaus/plexus/util/xml/pull/MXParser
instanceKlass org/codehaus/plexus/util/xml/pull/XmlPullParser
instanceKlass org/codehaus/plexus/util/xml/Xpp3DomBuilder
instanceKlass java/util/regex/ASCII
instanceKlass  @bci java/util/regex/CharPredicates ASCII_SPACE ()Ljava/util/regex/Pattern$BmpCharPredicate; 0 <appendix> argL0 ; # java/util/regex/CharPredicates$$Lambda+0x800000025
instanceKlass  @bci java/util/regex/Pattern DOT ()Ljava/util/regex/Pattern$CharPredicate; 0 <appendix> argL0 ; # java/util/regex/Pattern$$Lambda+0x0000000021012920
instanceKlass  @bci java/util/regex/Pattern union (Ljava/util/regex/Pattern$CharPredicate;Ljava/util/regex/Pattern$CharPredicate;Z)Ljava/util/regex/Pattern$CharPredicate; 14 <appendix> member <vmtarget> ; # java/util/regex/Pattern$$Lambda+0x0000000021012240
instanceKlass org/codehaus/plexus/util/ReaderFactory
instanceKlass org/apache/maven/project/ExtensionDescriptor
instanceKlass org/apache/maven/project/ExtensionDescriptorBuilder
instanceKlass org/apache/maven/extension/internal/CoreExtensionEntry
instanceKlass org/apache/maven/cli/ResolveFile
instanceKlass java/util/StringTokenizer
instanceKlass org/codehaus/plexus/logging/Logger
instanceKlass org/apache/maven/cli/logging/Slf4jLoggerManager
instanceKlass org/slf4j/impl/MavenSlf4jSimpleFriend
instanceKlass org/slf4j/MavenSlf4jFriend
instanceKlass  @bci org/apache/commons/cli/CommandLine getOptionValue (Ljava/lang/String;Ljava/lang/String;)Ljava/lang/String; 7 <appendix> member <vmtarget> ; # org/apache/commons/cli/CommandLine$$Lambda+0x00000000210599a0
instanceKlass org/apache/maven/cli/logging/BaseSlf4jConfiguration
instanceKlass org/codehaus/plexus/util/PropertyUtils
instanceKlass org/apache/maven/cli/logging/Slf4jConfiguration
instanceKlass org/apache/maven/cli/logging/Slf4jConfigurationFactory
instanceKlass org/slf4j/impl/OutputChoice
instanceKlass java/io/FileInputStream$1
instanceKlass org/slf4j/impl/SimpleLoggerConfiguration$1
instanceKlass java/text/Format
instanceKlass org/slf4j/impl/SimpleLoggerConfiguration
instanceKlass org/slf4j/helpers/NamedLoggerBase
instanceKlass org/slf4j/impl/SimpleLoggerFactory
instanceKlass org/slf4j/impl/StaticLoggerBinder
instanceKlass org/slf4j/spi/LoggerFactoryBinder
instanceKlass java/util/Collections$3
instanceKlass java/net/URLClassLoader$1
instanceKlass jdk/internal/loader/URLClassPath$1
instanceKlass java/lang/CompoundEnumeration
instanceKlass jdk/internal/loader/BuiltinClassLoader$1
instanceKlass java/util/Collections$EmptyEnumeration
instanceKlass org/slf4j/helpers/Util
instanceKlass org/slf4j/helpers/NOPLoggerFactory
instanceKlass java/util/concurrent/LinkedBlockingQueue$Node
instanceKlass java/util/concurrent/locks/AbstractQueuedSynchronizer$ConditionObject
instanceKlass java/util/concurrent/locks/Condition
instanceKlass java/util/concurrent/BlockingQueue
instanceKlass org/slf4j/helpers/SubstituteLoggerFactory
instanceKlass org/slf4j/ILoggerFactory
instanceKlass org/slf4j/event/LoggingEvent
instanceKlass org/slf4j/LoggerFactory
instanceKlass java/util/LinkedList$ListItr
instanceKlass org/codehaus/plexus/util/StringUtils
instanceKlass org/apache/maven/cli/CLIReportingUtils
instanceKlass  @bci org/apache/maven/cli/MavenCli populateProperties (Lorg/apache/maven/cli/CliRequest;Ljava/util/Properties;Ljava/util/Properties;)V 236 <appendix> argL0 ; # org/apache/maven/cli/MavenCli$$Lambda+0x0000000021053210
instanceKlass  @cpi org/apache/maven/cli/MavenCli 2103 form vmentry <vmtarget> ; # java/lang/invoke/LambdaForm$DMH+0x0000000021055000
instanceKlass java/util/function/BiConsumer
instanceKlass org/codehaus/plexus/interpolation/SimpleRecursionInterceptor
instanceKlass org/codehaus/plexus/interpolation/AbstractValueSource
instanceKlass org/codehaus/plexus/interpolation/RecursionInterceptor
instanceKlass org/codehaus/plexus/interpolation/StringSearchInterpolator
instanceKlass org/codehaus/plexus/interpolation/Interpolator
instanceKlass org/codehaus/plexus/interpolation/BasicInterpolator
instanceKlass org/apache/maven/properties/internal/SystemProperties
instanceKlass java/util/concurrent/ConcurrentHashMap$MapEntry
instanceKlass java/util/Collections$SynchronizedCollection
instanceKlass java/util/Properties$EntrySet
instanceKlass java/util/Collections$UnmodifiableMap$UnmodifiableEntrySet$UnmodifiableEntry
instanceKlass java/util/Collections$UnmodifiableMap$UnmodifiableEntrySet$1
instanceKlass org/codehaus/plexus/util/Os
instanceKlass org/apache/maven/properties/internal/EnvironmentUtils
instanceKlass  @bci org/apache/commons/cli/CommandLine getOptionValues (Lorg/apache/commons/cli/Option;)[Ljava/lang/String; 21 <appendix> member <vmtarget> ; # org/apache/commons/cli/CommandLine$$Lambda+0x00000000210513e8
instanceKlass  @cpi org/apache/commons/cli/CommandLine 566 form vmentry <vmtarget> ; # java/lang/invoke/LambdaForm$DMH+0x0000000021054c00
instanceKlass java/util/stream/Sink$ChainedReference
instanceKlass java/util/stream/FindOps$FindOp
instanceKlass java/util/stream/TerminalOp
instanceKlass  @bci java/util/stream/FindOps$FindSink$OfRef <clinit> ()V 6 <appendix> argL0 ; # java/util/stream/FindOps$FindSink$OfRef$$Lambda+0x800000048
instanceKlass  @bci java/util/stream/FindOps$FindSink$OfRef <clinit> ()V 0 <appendix> argL0 ; # java/util/stream/FindOps$FindSink$OfRef$$Lambda+0x800000049
instanceKlass java/util/stream/FindOps$FindSink
instanceKlass java/util/stream/TerminalSink
instanceKlass java/util/stream/Sink
instanceKlass java/util/stream/FindOps
instanceKlass  @bci org/apache/commons/cli/CommandLine resolveOption (Ljava/lang/String;)Lorg/apache/commons/cli/Option; 19 <appendix> member <vmtarget> ; # org/apache/commons/cli/CommandLine$$Lambda+0x0000000021051188
instanceKlass java/util/function/Predicate
instanceKlass java/util/IdentityHashMap$IdentityHashMapIterator
instanceKlass java/util/regex/IntHashSet
instanceKlass java/util/regex/Matcher
instanceKlass java/util/regex/MatchResult
instanceKlass java/util/Properties$LineReader
instanceKlass sun/net/www/MessageHeader
instanceKlass sun/net/www/protocol/jar/JarFileFactory
instanceKlass sun/net/www/protocol/jar/URLJarFile$URLJarFileCloseController
instanceKlass java/net/URLConnection
instanceKlass jdk/internal/jimage/ImageLocation
instanceKlass jdk/internal/jimage/decompressor/Decompressor
instanceKlass jdk/internal/jimage/ImageStringsReader
instanceKlass jdk/internal/jimage/ImageStrings
instanceKlass jdk/internal/jimage/ImageHeader
instanceKlass jdk/internal/jimage/NativeImageBuffer$1
instanceKlass jdk/internal/jimage/NativeImageBuffer
instanceKlass java/security/AccessControlContext
instanceKlass java/security/AccessController
instanceKlass jdk/internal/jimage/BasicImageReader$1
instanceKlass java/security/PrivilegedAction
instanceKlass jdk/internal/jimage/BasicImageReader
instanceKlass jdk/internal/jimage/ImageReader
instanceKlass jdk/internal/jimage/ImageReaderFactory$1
# instanceKlass java/lang/invoke/LambdaForm$MH+0x0000000021054800
instanceKlass jdk/internal/jimage/ImageReaderFactory
instanceKlass jdk/internal/module/SystemModuleFinders$SystemImage
instanceKlass jdk/internal/module/SystemModuleFinders$SystemModuleReader
instanceKlass java/lang/module/ModuleReader
instanceKlass jdk/internal/loader/BuiltinClassLoader$2
instanceKlass jdk/internal/module/Resources
instanceKlass org/fusesource/jansi/internal/JansiLoader$1
instanceKlass sun/reflect/annotation/AnnotationParser
instanceKlass java/util/EnumMap$1
instanceKlass java/util/stream/StreamOpFlag$MaskBuilder
instanceKlass java/util/stream/Stream
instanceKlass java/util/stream/BaseStream
instanceKlass java/util/stream/PipelineHelper
instanceKlass java/util/stream/StreamSupport
instanceKlass java/util/ArrayList$ArrayListSpliterator
instanceKlass java/util/Spliterator
instanceKlass java/util/LinkedList$Node
instanceKlass java/util/AbstractList$Itr
instanceKlass org/apache/commons/cli/DefaultParser
instanceKlass org/apache/commons/cli/Util
instanceKlass  @bci org/apache/commons/cli/CommandLine$Builder <clinit> ()V 0 <appendix> argL0 ; # org/apache/commons/cli/CommandLine$Builder$$Lambda+0x0000000021050610
instanceKlass  @cpi org/apache/commons/cli/CommandLine$Builder 105 form vmentry <vmtarget> ; # java/lang/invoke/LambdaForm$DMH+0x0000000021054400
# instanceKlass java/lang/invoke/LambdaForm$DMH+0x0000000021054000
instanceKlass org/apache/commons/cli/CommandLine$Builder
instanceKlass org/apache/commons/cli/CommandLine
instanceKlass java/util/Collections$UnmodifiableCollection
instanceKlass java/util/LinkedHashMap$LinkedHashIterator
instanceKlass  @bci org/apache/commons/cli/Parser parse (Lorg/apache/commons/cli/Options;[Ljava/lang/String;Ljava/util/Properties;Z)Lorg/apache/commons/cli/CommandLine; 4 <appendix> argL0 ; # org/apache/commons/cli/Parser$$Lambda+0x000000002104fc78
instanceKlass  @cpi org/apache/commons/cli/Parser 332 form vmentry <vmtarget> ; # java/lang/invoke/LambdaForm$DMH+0x0000000021049c00
instanceKlass org/apache/commons/cli/Parser
instanceKlass org/apache/maven/cli/CleanArgument
instanceKlass org/apache/commons/cli/OptionValidator
instanceKlass org/apache/commons/cli/Option$Builder
instanceKlass org/apache/commons/cli/Option
instanceKlass org/apache/commons/cli/Options
instanceKlass org/apache/commons/cli/CommandLineParser
instanceKlass org/apache/maven/cli/CLIManager
instanceKlass org/apache/maven/cli/logging/Slf4jStdoutLogger
instanceKlass sun/nio/fs/WindowsPath$1
instanceKlass sun/nio/fs/WindowsLinkSupport
instanceKlass org/eclipse/aether/DefaultRepositoryCache
instanceKlass org/apache/maven/project/ProjectBuildingRequest
instanceKlass org/apache/maven/execution/DefaultMavenExecutionRequest
instanceKlass org/apache/maven/execution/MavenExecutionRequest
instanceKlass java/lang/Shutdown$Lock
instanceKlass java/lang/Shutdown
instanceKlass java/lang/ApplicationShutdownHooks$1
instanceKlass java/lang/ApplicationShutdownHooks
instanceKlass java/lang/Thread$ThreadNumbering
instanceKlass org/fusesource/jansi/io/AnsiOutputStream$ZeroWidthSupplier
instanceKlass jdk/internal/loader/NativeLibraries$Unloader
instanceKlass jdk/internal/reflect/Reflection$1Holder
instanceKlass org/fusesource/jansi/internal/OSInfo
instanceKlass  @bci org/fusesource/jansi/internal/JansiLoader initialize ()Z 10 <appendix> argL0 ; # org/fusesource/jansi/internal/JansiLoader$$Lambda+0x000000002104aec0
instanceKlass org/fusesource/jansi/internal/JansiLoader
instanceKlass org/fusesource/jansi/internal/CLibrary
instanceKlass java/util/TreeMap$Entry
instanceKlass java/lang/ProcessEnvironment$CheckedEntry
instanceKlass java/lang/ProcessEnvironment$CheckedEntrySet$1
instanceKlass java/lang/ProcessEnvironment$EntryComparator
instanceKlass java/lang/ProcessEnvironment$NameComparator
instanceKlass org/fusesource/jansi/io/AnsiProcessor
instanceKlass org/fusesource/jansi/io/AnsiOutputStream$WidthSupplier
instanceKlass org/fusesource/jansi/AnsiConsole
instanceKlass  @bci org/fusesource/jansi/Ansi <clinit> ()V 26 <appendix> argL0 ; # org/fusesource/jansi/Ansi$$Lambda+0x0000000021047620
instanceKlass  @cpi org/fusesource/jansi/Ansi 432 form vmentry <vmtarget> ; # java/lang/invoke/LambdaForm$DMH+0x0000000021049800
instanceKlass java/util/concurrent/Callable
instanceKlass org/fusesource/jansi/Ansi
instanceKlass org/apache/maven/shared/utils/logging/LoggerLevelRenderer
instanceKlass org/apache/maven/shared/utils/logging/MessageBuilder
instanceKlass org/apache/maven/shared/utils/logging/MessageUtils
instanceKlass  @bci jdk/internal/reflect/DirectMethodHandleAccessor invokeImpl (Ljava/lang/Object;[Ljava/lang/Object;)Ljava/lang/Object; 72 <adapter> ; # java/lang/invoke/LambdaForm$MH+0x0000000021049400
# instanceKlass java/lang/invoke/LambdaForm$MH+0x0000000021049000
# instanceKlass java/lang/invoke/LambdaForm$MH+0x0000000021048c00
# instanceKlass java/lang/invoke/LambdaForm$MH+0x0000000021048800
# instanceKlass java/lang/invoke/LambdaForm$MH+0x0000000021048400
instanceKlass sun/invoke/util/ValueConversions$WrapperCache
# instanceKlass java/lang/invoke/LambdaForm$MH+0x0000000021048000
instanceKlass java/lang/invoke/LambdaFormBuffer
instanceKlass java/lang/invoke/LambdaFormEditor$TransformKey
instanceKlass java/lang/invoke/LambdaFormEditor
instanceKlass java/lang/invoke/DelegatingMethodHandle$Holder
instanceKlass jdk/internal/reflect/MethodHandleAccessorFactory$LazyStaticHolder
instanceKlass  @bci java/util/regex/Pattern negate (Ljava/util/regex/Pattern$CharPredicate;)Ljava/util/regex/Pattern$CharPredicate; 1 <appendix> member <vmtarget> ; # java/util/regex/Pattern$$Lambda+0x80000002f
instanceKlass  @bci java/util/regex/Pattern Range (II)Ljava/util/regex/Pattern$CharPredicate; 23 <appendix> member <vmtarget> ; # java/util/regex/Pattern$$Lambda+0x800000028
instanceKlass  @bci java/util/regex/Pattern union (Ljava/util/regex/Pattern$CharPredicate;Ljava/util/regex/Pattern$CharPredicate;Z)Ljava/util/regex/Pattern$CharPredicate; 6 <appendix> member <vmtarget> ; # java/util/regex/Pattern$$Lambda+0x800000030
instanceKlass  @bci java/util/regex/CharPredicates ASCII_DIGIT ()Ljava/util/regex/Pattern$BmpCharPredicate; 0 <appendix> argL0 ; # java/util/regex/CharPredicates$$Lambda+0x800000024
instanceKlass java/util/regex/CharPredicates
instanceKlass java/util/regex/Pattern$BitClass
instanceKlass java/util/regex/Pattern$TreeInfo
instanceKlass  @bci java/util/regex/Pattern Single (I)Ljava/util/regex/Pattern$BmpCharPredicate; 1 <appendix> member <vmtarget> ; # java/util/regex/Pattern$$Lambda+0x800000027
instanceKlass java/util/regex/Pattern$BmpCharPredicate
instanceKlass java/util/regex/Pattern$CharPredicate
instanceKlass java/util/regex/Pattern$Node
instanceKlass java/util/regex/Pattern
instanceKlass org/apache/maven/cli/CliRequest
instanceKlass org/codehaus/plexus/interpolation/ValueSource
instanceKlass org/apache/maven/execution/ExecutionListener
instanceKlass org/eclipse/aether/transfer/TransferListener
instanceKlass org/codehaus/plexus/logging/LoggerManager
instanceKlass org/apache/maven/toolchain/building/ToolchainsBuildingRequest
instanceKlass org/apache/maven/building/Source
instanceKlass org/slf4j/Logger
instanceKlass org/apache/maven/exception/ExceptionHandler
instanceKlass org/eclipse/aether/RepositoryCache
instanceKlass org/apache/maven/eventspy/EventSpy$Context
instanceKlass org/codehaus/plexus/PlexusContainer
instanceKlass org/apache/maven/cli/MavenCli
instanceKlass  @bci java/util/zip/ZipFile$Source initCEN (ILjava/util/zip/ZipCoder;)V 507 <appendix> argL0 ; # java/util/zip/ZipFile$Source$$Lambda+0x00000000210045d0
instanceKlass java/util/TreeMap$PrivateEntryIterator
instanceKlass java/util/TimSort
instanceKlass java/util/Arrays$LegacyMergeSort
instanceKlass java/lang/invoke/DirectMethodHandle$2
instanceKlass java/lang/invoke/ClassSpecializer$Factory
instanceKlass java/lang/invoke/ClassSpecializer$SpeciesData
instanceKlass java/lang/invoke/ClassSpecializer$1
instanceKlass jdk/internal/vm/annotation/Stable
instanceKlass java/lang/invoke/ClassSpecializer
instanceKlass  @bci org/codehaus/plexus/classworlds/launcher/Configurator associateRealms ()V 18 <appendix> argL0 ; # org/codehaus/plexus/classworlds/launcher/Configurator$$Lambda+0x0000000021042b38
instanceKlass java/lang/invoke/Invokers$Holder
instanceKlass java/lang/invoke/MethodHandleImpl$1
instanceKlass jdk/internal/access/JavaLangInvokeAccess
instanceKlass  @bci org/codehaus/plexus/classworlds/launcher/ConfigurationParser loadGlob (Ljava/lang/String;Z)V 83 <appendix> member <vmtarget> ; # org/codehaus/plexus/classworlds/launcher/ConfigurationParser$$Lambda+0x0000000021042908
instanceKlass java/lang/invoke/TypeConvertingMethodAdapter
instanceKlass java/lang/invoke/InnerClassLambdaMetafactory$6
instanceKlass java/lang/invoke/InnerClassLambdaMetafactory$3
instanceKlass java/lang/classfile/Interfaces
instanceKlass java/util/ImmutableCollections$Access$1
instanceKlass jdk/internal/access/JavaUtilCollectionAccess
instanceKlass java/util/ImmutableCollections$Access
instanceKlass java/lang/invoke/InnerClassLambdaMetafactory$1
instanceKlass java/lang/invoke/LambdaProxyClassArchive
instanceKlass java/lang/invoke/InfoFromMemberName
instanceKlass java/lang/invoke/MethodHandleInfo
instanceKlass java/lang/invoke/AbstractValidatingLambdaMetafactory
instanceKlass java/lang/invoke/BootstrapMethodInvoker
instanceKlass  @cpi org/codehaus/plexus/classworlds/launcher/ConfigurationParser 340 form vmentry <vmtarget> ; # java/lang/invoke/LambdaForm$DMH+0x0000000021043000
instanceKlass jdk/internal/util/ModifiedUtf
instanceKlass jdk/internal/classfile/impl/ClassReaderImpl
instanceKlass java/lang/classfile/ClassReader
instanceKlass jdk/internal/classfile/impl/ClassHierarchyImpl$CachedClassHierarchyResolver$1
instanceKlass java/lang/classfile/ClassHierarchyResolver$ClassHierarchyInfo
instanceKlass jdk/internal/classfile/impl/ClassHierarchyImpl$CachedClassHierarchyResolver
instanceKlass jdk/internal/classfile/impl/ClassHierarchyImpl$ClassLoadingClassHierarchyResolver$1
instanceKlass jdk/internal/classfile/impl/ClassHierarchyImpl$ClassLoadingClassHierarchyResolver
instanceKlass java/lang/classfile/ClassHierarchyResolver
instanceKlass jdk/internal/classfile/impl/ClassHierarchyImpl
instanceKlass jdk/internal/classfile/impl/RawBytecodeHelper$1
instanceKlass jdk/internal/classfile/impl/RawBytecodeHelper
instanceKlass jdk/internal/classfile/impl/StackMapGenerator$Frame
instanceKlass jdk/internal/classfile/impl/StackMapGenerator
instanceKlass jdk/internal/classfile/impl/AnnotationReader
instanceKlass java/lang/classfile/CustomAttribute
instanceKlass jdk/internal/classfile/impl/TerminalFieldBuilder
instanceKlass java/lang/classfile/FieldBuilder
instanceKlass java/lang/invoke/InvokerBytecodeGenerator$2
instanceKlass jdk/internal/classfile/impl/BytecodeHelpers
instanceKlass sun/invoke/empty/Empty
instanceKlass java/lang/classfile/constantpool/MethodRefEntry
instanceKlass sun/invoke/util/VerifyType
instanceKlass jdk/internal/classfile/impl/DirectCodeBuilder$8
instanceKlass java/lang/classfile/instruction/LabelTarget
instanceKlass java/lang/classfile/Label
instanceKlass jdk/internal/classfile/impl/BufWriterImpl
instanceKlass java/lang/classfile/BufWriter
instanceKlass java/lang/classfile/instruction/LocalVariableType
instanceKlass java/lang/classfile/instruction/LocalVariable
instanceKlass java/lang/classfile/instruction/CharacterRange
instanceKlass java/lang/classfile/PseudoInstruction
instanceKlass java/lang/classfile/CodeElement
instanceKlass jdk/internal/classfile/impl/TerminalCodeBuilder
instanceKlass jdk/internal/classfile/impl/LabelContext
instanceKlass java/lang/classfile/CodeBuilder
instanceKlass java/lang/invoke/InvokerBytecodeGenerator$4$1
instanceKlass java/lang/classfile/constantpool/FieldRefEntry
instanceKlass java/lang/classfile/constantpool/MemberRefEntry
instanceKlass java/lang/classfile/constantpool/NameAndTypeEntry
instanceKlass jdk/internal/classfile/impl/TerminalMethodBuilder
instanceKlass jdk/internal/classfile/impl/MethodInfo
instanceKlass java/lang/classfile/MethodBuilder
instanceKlass java/lang/invoke/InvokerBytecodeGenerator$4
instanceKlass java/lang/classfile/attribute/SourceFileAttribute
instanceKlass java/lang/classfile/Superclass
instanceKlass jdk/internal/classfile/impl/AttributeHolder
instanceKlass java/lang/classfile/ClassBuilder
instanceKlass java/lang/classfile/ClassFileBuilder
instanceKlass jdk/internal/classfile/impl/AbstractDirectBuilder
instanceKlass java/lang/invoke/InvokerBytecodeGenerator$1
instanceKlass jdk/internal/classfile/impl/ClassFileImpl
instanceKlass java/lang/classfile/ClassFile
instanceKlass java/lang/invoke/InvokerBytecodeGenerator$3
instanceKlass java/util/function/Consumer
instanceKlass java/lang/classfile/constantpool/ClassEntry
instanceKlass java/lang/classfile/constantpool/LoadableConstantEntry
instanceKlass jdk/internal/classfile/impl/Util
instanceKlass jdk/internal/classfile/impl/EntryMap
instanceKlass jdk/internal/classfile/impl/BootstrapMethodEntryImpl
instanceKlass java/lang/classfile/BootstrapMethodEntry
instanceKlass jdk/internal/classfile/impl/SplitConstantPool
instanceKlass java/io/FilenameFilter
instanceKlass java/lang/invoke/InvokerBytecodeGenerator$8
instanceKlass jdk/internal/classfile/impl/AbstractAttributeMapper
instanceKlass java/lang/classfile/AttributeMapper
instanceKlass java/lang/classfile/Attributes
instanceKlass jdk/internal/classfile/impl/Util$Writable
instanceKlass jdk/internal/classfile/impl/AbstractElement
instanceKlass java/lang/classfile/attribute/RuntimeVisibleAnnotationsAttribute
instanceKlass java/lang/classfile/FieldElement
instanceKlass java/lang/classfile/MethodElement
instanceKlass java/lang/classfile/ClassElement
instanceKlass java/lang/classfile/Attribute
instanceKlass java/lang/classfile/ClassFileElement
instanceKlass java/lang/classfile/constantpool/Utf8Entry
instanceKlass java/lang/classfile/constantpool/AnnotationConstantValueEntry
instanceKlass java/lang/classfile/constantpool/PoolEntry
instanceKlass jdk/internal/classfile/impl/AbstractPoolEntry
instanceKlass jdk/internal/classfile/impl/TemporaryConstantPool
instanceKlass java/lang/classfile/constantpool/ConstantPoolBuilder
instanceKlass java/lang/classfile/constantpool/ConstantPool
instanceKlass java/lang/classfile/Annotation
instanceKlass java/lang/classfile/AnnotationElement
instanceKlass java/lang/invoke/InvokerBytecodeGenerator
instanceKlass java/lang/invoke/LambdaForm$Holder
instanceKlass java/lang/invoke/LambdaForm$Name
instanceKlass java/lang/reflect/Array
instanceKlass java/lang/invoke/Invokers
instanceKlass sun/invoke/util/ValueConversions
instanceKlass java/lang/invoke/DirectMethodHandle$Holder
instanceKlass java/lang/invoke/LambdaForm$NamedFunction
instanceKlass java/lang/constant/DynamicConstantDesc
instanceKlass jdk/internal/constant/DirectMethodHandleDescImpl$1
instanceKlass jdk/internal/constant/DirectMethodHandleDescImpl
instanceKlass java/lang/constant/DirectMethodHandleDesc
instanceKlass java/lang/constant/MethodHandleDesc$1
instanceKlass java/lang/constant/MethodHandleDesc
instanceKlass jdk/internal/constant/MethodTypeDescImpl
instanceKlass java/lang/constant/MethodTypeDesc
instanceKlass jdk/internal/constant/ConstantUtils
instanceKlass jdk/internal/constant/ArrayClassDescImpl
instanceKlass jdk/internal/constant/ClassOrInterfaceDescImpl
instanceKlass java/lang/constant/ClassDesc
instanceKlass java/lang/constant/ConstantDescs
instanceKlass sun/invoke/util/Wrapper$Format
instanceKlass java/lang/invoke/MethodTypeForm
instanceKlass java/lang/invoke/MethodType$1
instanceKlass java/lang/invoke/LambdaMetafactory
instanceKlass java/util/ArrayList$Itr
instanceKlass org/codehaus/plexus/classworlds/strategy/AbstractStrategy
instanceKlass org/codehaus/plexus/classworlds/strategy/Strategy
instanceKlass org/codehaus/plexus/classworlds/strategy/StrategyFactory
instanceKlass java/util/NavigableMap
instanceKlass java/util/SortedMap
instanceKlass java/util/NavigableSet
instanceKlass java/util/SortedSet
instanceKlass java/util/SequencedSet
instanceKlass sun/nio/ch/IOStatus
instanceKlass sun/nio/ch/Util$BufferCache
instanceKlass sun/nio/ch/Util
instanceKlass jdk/internal/misc/Blocker
instanceKlass sun/nio/ch/NativeThread
instanceKlass java/io/Reader
instanceKlass org/codehaus/plexus/classworlds/launcher/ConfigurationParser
instanceKlass org/codehaus/plexus/classworlds/launcher/Configurator
instanceKlass org/codehaus/plexus/classworlds/launcher/ConfigurationHandler
instanceKlass sun/nio/ch/SelChImpl
instanceKlass java/nio/channels/NetworkChannel
instanceKlass sun/nio/ch/Streams
instanceKlass java/nio/channels/Channels
instanceKlass sun/nio/ch/FileChannelImpl$Closer
instanceKlass sun/nio/ch/NativeThreadSet
instanceKlass java/nio/channels/spi/AbstractInterruptibleChannel$1
instanceKlass sun/nio/ch/Interruptible
instanceKlass sun/nio/ch/IOUtil
instanceKlass sun/nio/ch/NativeDispatcher
instanceKlass java/nio/channels/ScatteringByteChannel
instanceKlass java/nio/channels/GatheringByteChannel
instanceKlass java/nio/channels/SeekableByteChannel
instanceKlass java/nio/channels/ByteChannel
instanceKlass java/nio/channels/WritableByteChannel
instanceKlass java/nio/channels/ReadableByteChannel
instanceKlass java/nio/channels/spi/AbstractInterruptibleChannel
instanceKlass java/nio/channels/InterruptibleChannel
instanceKlass java/nio/channels/Channel
instanceKlass java/util/Collections$EmptyIterator
instanceKlass sun/nio/fs/WindowsChannelFactory$Flags
instanceKlass sun/nio/fs/WindowsChannelFactory$1
instanceKlass sun/nio/fs/WindowsChannelFactory
instanceKlass sun/nio/fs/WindowsSecurityDescriptor
instanceKlass java/nio/file/attribute/FileAttribute
instanceKlass java/net/URI$Parser
instanceKlass java/nio/file/FileSystems$DefaultFileSystemHolder
instanceKlass java/nio/file/FileSystems
instanceKlass java/nio/file/Paths
instanceKlass java/lang/PublicMethods$Key
instanceKlass java/lang/PublicMethods$MethodList
instanceKlass org/codehaus/plexus/classworlds/ClassWorld
instanceKlass jdk/internal/misc/MethodFinder
instanceKlass org/codehaus/plexus/classworlds/launcher/Launcher
instanceKlass java/security/PermissionCollection
instanceKlass java/security/SecureClassLoader$1
instanceKlass java/util/zip/Checksum$1
instanceKlass java/util/zip/CRC32
instanceKlass java/util/zip/Checksum
instanceKlass sun/nio/ByteBuffered
instanceKlass java/lang/Package$VersionInfo
instanceKlass java/lang/NamedPackage
instanceKlass java/util/SequencedMap
instanceKlass java/util/jar/Attributes
instanceKlass jdk/internal/loader/Resource
instanceKlass sun/security/util/Debug
instanceKlass sun/security/util/SignatureFileVerifier
instanceKlass java/util/zip/ZipFile$InflaterCleanupAction
instanceKlass java/util/zip/Inflater$InflaterZStreamRef
instanceKlass java/util/zip/Inflater
instanceKlass java/util/zip/ZipEntry
instanceKlass java/nio/Bits$1
instanceKlass jdk/internal/misc/VM$BufferPool
instanceKlass java/nio/Bits
instanceKlass sun/nio/ch/DirectBuffer
instanceKlass jdk/internal/perf/PerfCounter$CoreCounters
instanceKlass jdk/internal/perf/Perf
instanceKlass jdk/internal/perf/PerfCounter
instanceKlass java/util/Locale$LocaleCache
instanceKlass jdk/internal/util/StrongReferenceKey
instanceKlass jdk/internal/util/ReferenceKey
instanceKlass jdk/internal/util/ReferencedKeyMap$1
instanceKlass jdk/internal/util/ReferencedKeyMap
instanceKlass sun/util/locale/BaseLocale$1InterningCache
instanceKlass sun/util/locale/LocaleUtils
instanceKlass java/util/Locale
instanceKlass java/nio/file/attribute/FileTime
instanceKlass java/util/zip/ZipUtils
instanceKlass java/util/zip/ZipFile$Source$End
instanceKlass java/io/RandomAccessFile$2
instanceKlass jdk/internal/access/JavaIORandomAccessFileAccess
instanceKlass java/io/RandomAccessFile
instanceKlass java/io/DataInput
instanceKlass java/io/DataOutput
instanceKlass sun/nio/fs/WindowsNativeDispatcher$CompletionStatus
instanceKlass sun/nio/fs/WindowsNativeDispatcher$AclInformation
instanceKlass sun/nio/fs/WindowsNativeDispatcher$Account
instanceKlass sun/nio/fs/WindowsNativeDispatcher$DiskFreeSpace
instanceKlass sun/nio/fs/WindowsNativeDispatcher$VolumeInformation
instanceKlass sun/nio/fs/WindowsNativeDispatcher$FirstStream
instanceKlass sun/nio/fs/WindowsNativeDispatcher$FirstFile
instanceKlass java/util/Enumeration
instanceKlass java/util/concurrent/ConcurrentHashMap$Traverser
instanceKlass jdk/internal/loader/NativeLibraries$2
instanceKlass jdk/internal/loader/NativeLibrary
instanceKlass java/util/ArrayDeque$DeqIterator
instanceKlass jdk/internal/loader/NativeLibraries$NativeLibraryContext$1
instanceKlass jdk/internal/loader/NativeLibraries$NativeLibraryContext
instanceKlass jdk/internal/loader/NativeLibraries$1
instanceKlass jdk/internal/loader/NativeLibraries$LibraryPaths
instanceKlass sun/nio/fs/WindowsNativeDispatcher
instanceKlass sun/nio/fs/NativeBuffer$Deallocator
instanceKlass sun/nio/fs/NativeBuffer
instanceKlass java/lang/ThreadLocal$ThreadLocalMap
instanceKlass java/lang/ThreadLocal
instanceKlass sun/nio/fs/NativeBuffers
instanceKlass sun/nio/fs/WindowsFileAttributes
instanceKlass java/nio/file/attribute/DosFileAttributes
instanceKlass sun/nio/fs/AbstractBasicFileAttributeView
instanceKlass sun/nio/fs/DynamicFileAttributeView
instanceKlass sun/nio/fs/WindowsFileAttributeViews
instanceKlass sun/nio/fs/Util
instanceKlass java/nio/file/attribute/BasicFileAttributeView
instanceKlass java/nio/file/attribute/FileAttributeView
instanceKlass java/nio/file/attribute/AttributeView
instanceKlass java/nio/file/Files
instanceKlass java/nio/file/CopyOption
instanceKlass java/nio/file/attribute/BasicFileAttributes
instanceKlass sun/nio/fs/WindowsPath
instanceKlass java/nio/file/Path
instanceKlass java/nio/file/Watchable
instanceKlass java/util/zip/ZipFile$Source$Key
instanceKlass sun/nio/fs/WindowsPathParser
instanceKlass java/nio/file/FileSystem
instanceKlass java/nio/file/OpenOption
instanceKlass java/nio/file/spi/FileSystemProvider
instanceKlass sun/nio/fs/DefaultFileSystemProvider
instanceKlass java/util/zip/ZipFile$Source
instanceKlass java/lang/ref/Cleaner$Cleanable
instanceKlass jdk/internal/ref/CleanerImpl$CleanableList$Node
instanceKlass jdk/internal/ref/CleanerImpl$CleanableList
instanceKlass jdk/internal/ref/CleanerImpl
instanceKlass java/lang/ref/Cleaner$1
instanceKlass java/lang/ref/Cleaner
instanceKlass jdk/internal/ref/CleanerFactory$1
instanceKlass java/util/concurrent/ThreadFactory
instanceKlass jdk/internal/ref/CleanerFactory
instanceKlass java/util/zip/ZipFile$CleanableResource
instanceKlass java/util/zip/ZipCoder
instanceKlass java/lang/Runtime$Version
instanceKlass java/util/jar/JavaUtilJarAccessImpl
instanceKlass jdk/internal/access/JavaUtilJarAccess
instanceKlass java/nio/charset/CoderResult
instanceKlass java/lang/Readable
instanceKlass jdk/internal/loader/FileURLMapper
instanceKlass java/util/zip/ZipFile$1
instanceKlass jdk/internal/access/JavaUtilZipFileAccess
instanceKlass java/util/BitSet
instanceKlass java/util/zip/ZipFile
instanceKlass java/util/zip/ZipConstants
instanceKlass jdk/internal/loader/URLClassPath$Loader
instanceKlass sun/net/util/URLUtil
instanceKlass java/lang/StringCoding
instanceKlass sun/nio/cs/ArrayDecoder
instanceKlass java/nio/charset/CharsetDecoder
instanceKlass sun/launcher/LauncherHelper
instanceKlass jdk/internal/vm/ContinuationSupport
instanceKlass java/lang/ModuleLayer$Controller
instanceKlass java/util/concurrent/CopyOnWriteArrayList
instanceKlass jdk/internal/module/ServicesCatalog$ServiceProvider
instanceKlass jdk/internal/loader/AbstractClassLoaderValue$Memoizer
instanceKlass java/util/ImmutableCollections$ListItr
instanceKlass java/util/ListIterator
instanceKlass java/util/ImmutableCollections$Set12$1
instanceKlass jdk/internal/loader/BuiltinClassLoader$LoadedModule
instanceKlass java/lang/Module$EnableNativeAccess
instanceKlass jdk/internal/loader/BootLoader
instanceKlass java/util/Optional
instanceKlass java/util/ImmutableCollections$SetN$SetNIterator
instanceKlass jdk/internal/loader/AbstractClassLoaderValue
instanceKlass jdk/internal/module/ServicesCatalog
instanceKlass java/util/Deque
instanceKlass java/util/Queue
instanceKlass sun/net/util/IPAddressUtil$MASKS
instanceKlass sun/net/util/IPAddressUtil
instanceKlass java/net/URLStreamHandler
instanceKlass sun/net/www/ParseUtil
instanceKlass java/net/URL$1
instanceKlass jdk/internal/access/JavaNetURLAccess
instanceKlass java/net/URL$DefaultFactory
instanceKlass java/net/URLStreamHandlerFactory
instanceKlass jdk/internal/loader/URLClassPath
instanceKlass java/util/concurrent/ConcurrentHashMap$CollectionView
instanceKlass jdk/internal/loader/ClassLoaderHelper
instanceKlass jdk/internal/loader/NativeLibraries
instanceKlass java/security/Principal
instanceKlass java/lang/ClassLoader$ParallelLoaders
instanceKlass java/security/cert/Certificate
instanceKlass jdk/internal/loader/ArchivedClassLoaders
instanceKlass java/net/URI$1
instanceKlass jdk/internal/access/JavaNetUriAccess
instanceKlass jdk/internal/module/ArchivedBootLayer
instanceKlass jdk/internal/module/ModuleBootstrap$Counters
instanceKlass jdk/internal/module/ModuleLoaderMap$Modules
instanceKlass jdk/internal/module/ModuleLoaderMap
instanceKlass jdk/internal/module/ModulePatcher
instanceKlass jdk/internal/util/DecimalDigits
instanceKlass java/io/FileSystem
instanceKlass java/io/DefaultFileSystem
instanceKlass java/io/File
instanceKlass java/lang/module/ModuleDescriptor$1
instanceKlass jdk/internal/access/JavaLangModuleAccess
instanceKlass sun/invoke/util/VerifyAccess
instanceKlass java/util/KeyValueHolder
instanceKlass java/util/ImmutableCollections$MapN$MapNIterator
instanceKlass java/lang/invoke/MethodHandles$Lookup
instanceKlass java/lang/invoke/MemberName$Factory
instanceKlass java/lang/invoke/MethodHandles
instanceKlass jdk/internal/module/ModuleBootstrap
instanceKlass java/util/HexFormat
instanceKlass jdk/internal/util/ClassFileDumper
instanceKlass java/lang/CharacterData
instanceKlass java/lang/invoke/MethodHandleStatics
instanceKlass java/util/Collections
instanceKlass java/lang/Thread$ThreadIdentifiers
instanceKlass sun/io/Win32ErrorMode
instanceKlass jdk/internal/misc/OSEnvironment
instanceKlass jdk/internal/misc/Signal$NativeHandler
instanceKlass java/util/Hashtable$Entry
instanceKlass jdk/internal/misc/Signal
instanceKlass java/lang/Terminator$1
instanceKlass jdk/internal/misc/Signal$Handler
instanceKlass java/lang/Terminator
instanceKlass java/nio/ByteOrder
instanceKlass java/nio/Buffer$2
instanceKlass jdk/internal/access/JavaNioAccess
instanceKlass java/nio/Buffer$1
instanceKlass jdk/internal/misc/ScopedMemoryAccess
instanceKlass java/nio/charset/CodingErrorAction
instanceKlass sun/nio/cs/SingleByte
instanceKlass java/lang/StringUTF16
instanceKlass sun/nio/cs/MS1252$Holder
instanceKlass sun/nio/cs/ArrayEncoder
instanceKlass java/nio/charset/CharsetEncoder
instanceKlass java/io/Writer
instanceKlass java/io/OutputStream
instanceKlass java/io/Flushable
instanceKlass java/io/FileDescriptor$1
instanceKlass jdk/internal/access/JavaIOFileDescriptorAccess
instanceKlass java/io/FileDescriptor
instanceKlass jdk/internal/util/StaticProperty
instanceKlass jdk/internal/reflect/MethodHandleAccessorFactory
instanceKlass jdk/internal/reflect/Reflection
instanceKlass java/lang/reflect/Modifier
instanceKlass java/lang/Class$Atomic
instanceKlass java/lang/Class$ReflectionData
instanceKlass java/nio/charset/StandardCharsets
instanceKlass sun/nio/cs/HistoricallyNamedCharset
instanceKlass java/util/Arrays
instanceKlass jdk/internal/util/Preconditions$3
instanceKlass jdk/internal/util/Preconditions$2
instanceKlass jdk/internal/util/Preconditions$4
instanceKlass java/util/function/BiFunction
instanceKlass jdk/internal/util/Preconditions$1
instanceKlass jdk/internal/util/Preconditions
instanceKlass java/nio/charset/spi/CharsetProvider
instanceKlass java/nio/charset/Charset
instanceKlass java/util/HashMap$HashIterator
instanceKlass java/util/concurrent/locks/LockSupport
instanceKlass java/util/concurrent/ConcurrentHashMap$Node
instanceKlass java/util/concurrent/ConcurrentHashMap$CounterCell
instanceKlass java/util/concurrent/locks/ReentrantLock
instanceKlass java/util/concurrent/locks/Lock
instanceKlass java/lang/Runtime
instanceKlass java/lang/VersionProps
instanceKlass java/lang/StringConcatHelper
instanceKlass jdk/internal/util/ArraysSupport
instanceKlass java/lang/StringLatin1
instanceKlass java/lang/StrictMath
instanceKlass jdk/internal/util/SystemProps$Raw
instanceKlass jdk/internal/util/SystemProps
instanceKlass java/lang/System$1
instanceKlass jdk/internal/access/JavaLangAccess
instanceKlass java/lang/ref/ReferenceQueue$Lock
instanceKlass java/lang/ref/ReferenceQueue
instanceKlass java/lang/ref/Reference$1
instanceKlass jdk/internal/access/JavaLangRefAccess
instanceKlass java/lang/Math
instanceKlass java/io/ObjectStreamClass
instanceKlass jdk/internal/reflect/ReflectionFactory
instanceKlass jdk/internal/access/SharedSecrets
instanceKlass java/lang/reflect/ReflectAccess
instanceKlass jdk/internal/access/JavaLangReflectAccess
instanceKlass java/util/Objects
instanceKlass jdk/internal/misc/CDS
instanceKlass java/lang/Module$ArchivedData
instanceKlass jdk/internal/misc/VM
instanceKlass java/lang/String$CaseInsensitiveComparator
instanceKlass java/util/Comparator
instanceKlass java/io/ObjectStreamField
instanceKlass jdk/internal/math/FDBigInteger
instanceKlass java/lang/ModuleLayer
instanceKlass java/util/ImmutableCollections
instanceKlass jdk/internal/module/ModuleLoaderMap$Mapper
instanceKlass java/util/function/Function
instanceKlass java/lang/module/ResolvedModule
instanceKlass java/lang/module/Configuration
instanceKlass java/util/HashMap$Node
instanceKlass java/util/Map$Entry
instanceKlass java/util/Collections$UnmodifiableMap
instanceKlass jdk/internal/module/ModuleHashes
instanceKlass jdk/internal/module/ModuleTarget
instanceKlass java/lang/module/ModuleDescriptor$Opens
instanceKlass jdk/internal/module/SystemModuleFinders$2
instanceKlass jdk/internal/module/ModuleHashes$HashSupplier
instanceKlass jdk/internal/module/SystemModuleFinders$1
instanceKlass java/util/function/Supplier
instanceKlass java/net/URI
instanceKlass java/lang/module/ModuleDescriptor$Provides
instanceKlass java/lang/module/ModuleDescriptor$Exports
instanceKlass java/lang/module/ModuleDescriptor$Requires
instanceKlass java/lang/module/ModuleDescriptor$Version
instanceKlass java/lang/module/ModuleDescriptor
instanceKlass java/lang/module/ModuleReference
instanceKlass java/util/Set
instanceKlass jdk/internal/module/SystemModuleFinders$SystemModuleFinder
instanceKlass java/lang/module/ModuleFinder
instanceKlass jdk/internal/module/ArchivedModuleGraph
instanceKlass sun/util/locale/BaseLocale
instanceKlass java/util/jar/Attributes$Name
instanceKlass java/lang/Character$CharacterCache
instanceKlass java/lang/Short$ShortCache
instanceKlass java/lang/Byte$ByteCache
instanceKlass java/lang/Long$LongCache
instanceKlass java/lang/Integer$IntegerCache
instanceKlass jdk/internal/vm/FillerObject
instanceKlass jdk/internal/vm/vector/VectorSupport$VectorPayload
instanceKlass jdk/internal/vm/vector/VectorSupport
instanceKlass java/lang/reflect/RecordComponent
instanceKlass java/util/Iterator
instanceKlass java/lang/Void
instanceKlass java/lang/Number
instanceKlass java/lang/Character
instanceKlass java/lang/Boolean
instanceKlass java/util/concurrent/locks/AbstractOwnableSynchronizer
instanceKlass java/lang/LiveStackFrame
instanceKlass java/lang/ClassFrameInfo
instanceKlass java/lang/StackWalker$StackFrame
instanceKlass java/lang/StackStreamFactory$AbstractStackWalker
instanceKlass java/lang/StackWalker
instanceKlass java/nio/Buffer
instanceKlass java/lang/StackTraceElement
instanceKlass java/util/RandomAccess
instanceKlass java/util/List
instanceKlass java/util/SequencedCollection
instanceKlass java/util/AbstractCollection
instanceKlass java/util/Collection
instanceKlass java/lang/Iterable
instanceKlass java/util/concurrent/ConcurrentMap
instanceKlass java/util/AbstractMap
instanceKlass java/security/CodeSource
instanceKlass jdk/internal/loader/ClassLoaders
instanceKlass java/util/jar/Manifest
instanceKlass java/lang/Enum
instanceKlass java/net/URL
instanceKlass java/io/InputStream
instanceKlass java/io/Closeable
instanceKlass java/lang/AutoCloseable
instanceKlass jdk/internal/module/Modules
instanceKlass jdk/internal/misc/Unsafe
instanceKlass jdk/internal/misc/UnsafeConstants
instanceKlass java/lang/AbstractStringBuilder
instanceKlass java/lang/Appendable
instanceKlass java/lang/AssertionStatusDirectives
instanceKlass jdk/internal/foreign/abi/ABIDescriptor
instanceKlass jdk/internal/foreign/abi/NativeEntryPoint
instanceKlass java/lang/invoke/CallSite
instanceKlass java/lang/invoke/MethodType
instanceKlass java/lang/invoke/TypeDescriptor$OfMethod
instanceKlass java/lang/invoke/LambdaForm
instanceKlass java/lang/invoke/MethodHandleNatives
instanceKlass java/lang/invoke/MethodHandleImpl
instanceKlass java/lang/invoke/ResolvedMethodName
instanceKlass java/lang/invoke/MemberName
instanceKlass java/lang/invoke/VarHandle
instanceKlass java/lang/invoke/MethodHandle
instanceKlass jdk/internal/reflect/ConstructorAccessorImpl
instanceKlass jdk/internal/reflect/ConstructorAccessor
instanceKlass jdk/internal/reflect/CallerSensitive
instanceKlass java/lang/annotation/Annotation
instanceKlass jdk/internal/reflect/ConstantPool
instanceKlass jdk/internal/reflect/MethodAccessorImpl
instanceKlass jdk/internal/reflect/MethodAccessor
instanceKlass jdk/internal/vm/StackChunk
instanceKlass jdk/internal/vm/Continuation
instanceKlass jdk/internal/vm/ContinuationScope
instanceKlass java/lang/reflect/Parameter
instanceKlass java/lang/reflect/Member
instanceKlass java/lang/reflect/AccessibleObject
instanceKlass java/lang/Module
instanceKlass java/util/Map
instanceKlass java/util/Dictionary
instanceKlass java/lang/ThreadGroup
instanceKlass java/lang/Thread$UncaughtExceptionHandler
instanceKlass java/lang/Thread$Constants
instanceKlass java/lang/Thread$FieldHolder
instanceKlass java/lang/Thread
instanceKlass java/lang/Runnable
instanceKlass java/lang/ref/Reference
instanceKlass java/lang/Record
instanceKlass java/security/ProtectionDomain
instanceKlass java/lang/Throwable
instanceKlass java/lang/System
instanceKlass java/lang/ClassLoader
instanceKlass java/lang/Cloneable
instanceKlass java/lang/Class
instanceKlass java/lang/invoke/TypeDescriptor$OfField
instanceKlass java/lang/invoke/TypeDescriptor
instanceKlass java/lang/reflect/Type
instanceKlass java/lang/reflect/GenericDeclaration
instanceKlass java/lang/reflect/AnnotatedElement
instanceKlass java/lang/String
instanceKlass java/lang/constant/ConstantDesc
instanceKlass java/lang/constant/Constable
instanceKlass java/lang/CharSequence
instanceKlass java/lang/Comparable
instanceKlass java/io/Serializable
ciInstanceKlass java/lang/Object 1 1 115 100 1 10 12 1 1 10 7 12 1 1 1 10 100 12 1 1 1 10 12 1 1 8 1 10 12 1 1 10 100 12 1 1 1 10 12 1 10 12 1 1 100 1 8 1 10 12 1 10 7 12 1 1 1 7 1 10 12 1 7 1 10 12 1 1 8 1 3 8 1 100 1 5 0 1 1 1 1 1 1 1 1 1 1 1 1 1 1 1 1 100 1 1 1 1 1 1 1 1 1 1 1 1 1 100 1 1 1 1 1 1 3 1 1
ciMethod java/lang/Object equals (Ljava/lang/Object;)Z 512 0 1079 0 -1
ciMethod java/lang/Object hashCode ()I 256 0 128 0 -1
ciInstanceKlass java/io/Serializable 1 0 7 100 1 100 1 1 1
ciInstanceKlass java/lang/System 1 1 591 10 100 12 1 1 1 10 7 12 1 1 1 10 12 1 1 10 12 1 9 12 1 1 10 7 12 1 1 1 11 100 12 1 1 1 10 100 12 1 1 1 10 12 1 1 100 1 8 1 10 12 1 9 12 1 1 9 12 1 1 10 7 12 1 1 1 10 7 12 1 1 1 10 12 1 1 10 12 1 10 7 12 1 1 1 10 12 1 10 12 1 1 7 1 10 12 1 1 100 1 8 1 10 10 12 1 1 100 1 8 1 10 10 7 12 1 1 10 12 10 100 12 1 1 10 7 12 1 1 1 100 1 8 1 10 10 100 12 1 1 1 10 100 12 1 1 1 100 1 10 100 12 1 1 1 10 12 1 1 10 7 12 1 1 1 10 12 1 1 10 12 1 10 12 1 8 1 10 12 1 1 10 12 1 1 8 1 10 12 1 7 1 7 1 10 12 1 9 7 12 1 1 1 10 7 12 1 1 1 10 12 1 10 12 1 10 7 12 1 1 1 100 1 8 1 10 9 12 1 1 9 12 1 10 12 1 10 100 12 1 1 10 12 1 10 12 1 1 100 1 10 8 1 10 12 1 1 10 12 1 10 12 1 1 10 12 1 1 8 1 11 7 12 1 1 10 12 11 12 1 1 11 7 12 1 1 1 11 7 12 1 1 11 12 1 1 7 1 11 12 1 10 12 1 8 1 10 12 1 1 8 1 8 1 8 1 8 1 11 12 1 10 12 1 1 10 12 1 10 12 1 8 1 10 12 1 1 8 1 9 12 1 8 1 10 7 12 1 1 8 1 7 1 9 7 12 1 1 1 10 12 1 7 1 9 12 10 9 12 7 1 10 12 9 12 1 1 8 1 10 12 1 1 8 1 9 12 1 10 7 12 1 1 10 12 1 10 12 1 1 11 7 12 1 1 10 12 10 7 12 1 1 1 9 12 1 1 100 1 100 1 8 1 10 12 1 1 10 12 1 8 1 8 1 10 8 1 8 1 8 1 8 1 8 1 10 8 1 10 7 12 1 1 1 10 7 12 1 1 1 10 12 1 1 7 1 10 10 12 1 10 12 1 9 12 1 1 1 1 1 1 1 1 1 1 1 1 100 1 1 100 1 1 1 1 1 1 1 1 1 1 3 1 1 1 1 1 1 1 1 1 1 1 1 1 1 1 1 1 1 1 1 1 1 1 1 1 1 1 1 1 1 1 1 1 1 1 1 1 1 1 1 1 1 1 1 1 1 1 1 1 1 1 100 1 1 1 1 1 1 1 1 1 1 1 1 1 1 1 1 1 1 1 1 1 1 1 1 1 100 1 100 1 1 1 1 1 1 1 1
staticfield java/lang/System in Ljava/io/InputStream; java/io/BufferedInputStream
staticfield java/lang/System out Ljava/io/PrintStream; org/fusesource/jansi/AnsiPrintStream
staticfield java/lang/System err Ljava/io/PrintStream; org/fusesource/jansi/AnsiPrintStream
ciInstanceKlass java/util/Properties 1 1 690 10 7 12 1 1 1 100 1 10 7 12 1 1 7 1 10 12 1 9 12 1 1 9 12 1 1 9 12 1 1 10 7 12 1 1 1 10 12 1 1 8 1 10 7 12 1 1 1 7 1 10 12 1 10 12 1 1 8 1 10 12 1 7 1 10 12 10 12 1 1 9 12 1 1 10 12 1 1 7 1 10 12 1 10 12 1 10 12 1 1 100 1 8 1 10 12 1 10 12 1 10 12 1 1 10 12 1 100 1 3 10 10 100 12 1 1 1 10 12 1 10 12 1 1 8 1 10 12 1 10 12 1 1 8 1 10 100 12 1 1 10 12 1 1 10 12 1 10 12 1 1 100 1 10 12 1 10 12 1 1 100 1 9 100 12 1 1 1 10 12 1 10 12 1 1 10 12 1 1 10 12 1 1 100 1 9 12 1 1 7 1 100 1 10 12 1 100 1 11 7 12 1 1 1 11 12 1 1 11 100 12 1 1 1 11 7 12 1 1 1 11 12 1 1 11 12 1 11 12 1 10 12 1 1 8 1 10 12 1 10 100 12 1 1 10 12 1 100 1 10 10 12 1 10 12 1 100 1 10 10 12 1 1 10 100 12 1 1 9 100 12 1 1 10 12 1 1 10 100 12 1 1 1 100 1 100 1 100 1 10 8 1 8 1 10 12 1 10 12 1 10 12 1 1 10 10 12 1 1 10 12 1 1 100 1 10 10 12 1 11 7 12 1 1 10 7 12 1 1 1 8 1 10 100 12 1 1 11 11 7 1 8 1 10 100 1 11 10 12 1 10 10 12 1 10 12 1 1 10 12 1 1 10 12 1 1 10 12 1 10 12 1 10 10 12 1 10 12 1 10 12 1 10 10 12 1 1 10 12 1 1 10 10 12 1 10 12 1 10 12 1 10 12 1 10 12 1 1 10 12 1 1 10 12 1 10 12 1 10 12 1 1 10 12 10 12 1 1 10 12 1 1 10 12 1 10 12 1 1 10 12 1 1 10 12 10 11 12 1 4 11 10 12 1 1 10 100 12 1 1 11 12 1 10 12 1 1 10 100 12 1 1 10 12 1 100 1 8 1 10 12 1 10 10 100 12 1 1 1 100 1 6 0 10 12 1 1 11 100 12 1 1 1 10 12 1 10 12 1 1 1 1 1 5 0 1 1 1 1 1 1 1 1 1 1 1 1 1 1 1 1 1 1 1 1 1 1 1 1 1 1 1 1 1 1 1 1 1 1 1 1 1 1 1 100 1 1 1 1 1 1 1 1 1 1 1 1 1 1 1 1 1 1 1 1 100 1 1 1 1 1 1 1 1 1 1 1 1 100 1 100 1 1 1 1 1 100 1 1 1 1 1 1 1 1 1 1 1 1 1 1 1 1 1 1 1 1 1 1 1 1 1 1 1 1 1 1 1 1 1 1 1 1 1 1 1 1 1 1 1 1 1 1 1 1 1 1 1 1 1 1 1 1 1 1 1 1 1 1 1 1 1 1 1 1 1 1 1 1 1 1 1 1 1 100 1 1 1 1 1 1 1 1 1 1 1 100 1 1
staticfield java/util/Properties UNSAFE Ljdk/internal/misc/Unsafe; jdk/internal/misc/Unsafe
instanceKlass java/util/Hashtable
ciInstanceKlass java/util/Dictionary 1 1 36 10 7 12 1 1 1 100 1 1 1 1 1 1 1 1 1 1 1 1 1 1 1 1 1 1 1 1 1 1 1 1 1 1 1 1
instanceKlass java/util/Properties
ciInstanceKlass java/util/Hashtable 1 1 516 100 1 10 7 12 1 1 1 9 7 12 1 1 1 100 1 100 1 10 8 1 10 12 1 1 10 12 1 10 12 1 1 10 12 1 10 7 12 1 1 1 8 1 10 12 1 9 12 1 1 7 1 9 12 1 1 4 10 7 12 1 1 1 9 12 1 4 10 12 1 11 100 12 1 1 1 10 12 1 1 10 12 1 1 9 12 1 10 12 1 1 100 1 10 9 12 1 1 10 7 12 1 1 1 9 12 1 1 10 12 1 10 12 1 3 9 12 1 9 12 1 3 10 12 1 10 12 1 10 12 1 1 11 12 1 1 11 100 12 1 1 1 11 100 12 1 1 1 11 12 1 100 1 11 12 1 11 12 1 10 12 1 1 10 12 1 1 10 12 1 9 12 1 1 9 12 9 12 1 1 10 100 1 100 1 10 12 1 10 8 1 10 10 12 1 8 1 10 8 1 10 100 12 1 1 1 7 1 10 12 1 10 12 1 100 1 10 12 1 10 12 1 1 100 1 10 100 1 10 10 12 1 1 11 12 1 1 11 12 1 100 1 10 10 10 100 12 1 1 11 100 12 1 1 1 100 1 10 11 100 12 1 1 11 100 12 1 10 12 1 10 12 1 1 10 100 12 1 1 10 12 1 1 10 12 1 1 10 12 1 1 10 100 12 1 1 1 8 10 100 12 1 1 100 1 8 1 10 4 4 10 12 1 1 10 12 1 8 1 4 10 12 10 100 12 1 1 1 100 1 11 100 12 1 1 1 10 100 12 1 1 1 10 12 1 10 12 1 1 10 100 1 100 1 1 1 1 1 1 5 0 1 1 1 1 1 3 1 3 1 3 1 1 1 1 1 1 1 1 1 1 1 1 1 1 1 1 1 1 1 1 1 1 1 1 1 100 1 1 1 1 1 1 1 1 1 1 1 1 1 1 1 1 1 1 1 1 1 1 1 1 1 1 1 1 1 100 1 1 1 1 1 1 1 1 1 1 1 1 1 1 100 1 1 1 1 1 1 1 1 1 1 1 1 1 1 1 1 1 1 1 1 1 1 1 1 1 1 1 1 1 1 1 1 1 1 1 1 1 1 1 1 1 1 1 1 100 1 1 1 100 1 1 1 1 1 100 1 1 1 1 1 1 1 1 1 1 1 1 1 1 1 1 1 1
ciInstanceKlass java/util/Map 1 1 263 11 7 12 1 1 1 11 12 1 1 10 7 12 1 1 11 12 1 1 11 100 12 1 1 1 11 100 12 1 1 1 11 12 1 1 7 1 11 12 1 11 12 1 100 1 100 1 10 12 1 1 11 100 12 1 1 1 11 100 12 1 1 1 11 12 1 11 12 1 10 12 1 1 11 12 1 11 7 12 1 9 7 12 1 1 1 100 1 10 12 7 1 7 1 10 12 1 7 1 10 100 1 11 12 1 11 12 1 1 11 12 1 1 100 1 11 12 1 1 1 1 1 1 1 1 1 1 1 1 1 1 1 1 1 1 1 1 1 1 1 1 1 1 1 1 1 1 1 1 1 1 1 1 1 1 1 1 1 1 1 1 1 1 1 1 1 1 1 1 1 1 1 1 1 1 1 1 1 1 1 1 1 1 1 1 1 1 1 1 1 1 1 1 1 1 1 1 1 1 1 1 1 1 1 1 1 1 1 1 1 1 1 1 1 1 1 1 1 1 1 1 1 1 1 1 1 1 1 1 1 1 1 1 1 1 1 1 1 1 1 1 1 1 100 1 1 1 1 1 1 1 1 1 1 1 1 1 1 1 1 1 1
ciInstanceKlass java/lang/String 1 1 1471 10 7 12 1 1 1 8 1 9 7 12 1 1 1 9 12 1 1 9 12 1 1 9 12 1 1 10 12 1 10 12 1 1 10 12 1 1 9 12 1 10 7 12 1 1 1 10 12 1 1 10 12 1 10 7 12 1 1 1 10 12 1 1 10 12 1 1 10 12 1 10 12 1 1 10 12 1 10 7 12 1 1 1 7 1 9 7 12 1 1 1 10 7 12 1 1 1 10 12 1 1 10 12 1 1 10 7 12 1 1 1 10 12 1 1 9 7 12 1 1 10 12 9 7 12 1 1 10 12 1 1 3 10 12 1 1 7 1 11 12 1 1 11 12 1 11 12 1 1 10 100 12 1 1 1 10 12 1 1 9 100 12 1 1 1 10 12 1 1 10 12 1 11 12 1 1 10 12 1 10 12 10 12 1 1 100 1 100 1 10 12 1 10 12 1 10 7 12 1 1 1 10 12 1 1 100 1 10 12 1 1 100 1 10 12 1 1 10 12 1 1 10 12 1 10 10 12 1 100 1 100 1 100 1 10 12 1 10 12 1 1 10 12 1 1 10 12 1 10 12 1 1 10 12 1 1 10 100 12 1 1 100 1 11 10 7 12 1 1 11 12 1 11 12 1 10 12 1 10 12 1 10 12 10 12 1 1 10 10 100 12 1 1 1 10 100 12 1 1 10 12 1 1 10 100 12 1 1 10 12 1 10 12 1 1 10 12 1 1 10 12 1 10 12 1 10 12 1 1 100 1 10 12 1 1 10 12 10 12 1 10 12 1 1 10 12 1 1 10 100 12 1 1 1 10 12 1 10 12 1 1 10 12 1 10 12 1 3 3 10 12 1 1 10 12 1 10 12 1 1 10 12 1 1 10 12 1 1 10 12 1 10 12 1 1 10 12 1 1 10 12 1 10 12 1 10 12 1 10 12 1 1 10 12 1 10 12 1 10 12 1 10 12 1 10 12 1 10 12 1 10 100 1 10 8 1 10 12 1 1 10 12 1 8 1 10 12 1 1 10 12 10 12 1 8 1 10 10 12 1 1 10 12 1 1 100 1 5 0 100 1 8 1 10 10 12 1 1 5 0 5 0 5 0 10 12 1 1 10 100 1 10 10 12 1 10 12 1 10 12 1 10 10 12 1 10 12 1 10 12 1 10 12 1 10 12 1 10 12 1 10 12 1 1 10 12 1 1 10 12 1 1 10 10 12 1 1 10 10 12 1 100 1 10 9 100 12 1 1 1 11 100 12 1 1 1 10 12 1 1 10 12 1 1 10 7 1 10 12 1 10 12 1 10 7 12 1 1 1 10 12 1 10 12 1 1 10 12 1 11 7 1 11 12 10 12 1 10 12 1 1 10 12 1 1 10 10 12 1 10 12 1 9 12 1 1 11 7 12 1 1 1 10 12 10 10 12 1 10 12 1 1 10 10 12 1 10 12 1 10 12 1 1 10 12 1 1 10 10 12 1 1 10 10 7 12 1 1 1 10 12 1 10 12 1 10 12 10 10 12 10 10 12 1 10 12 1 10 10 12 10 12 1 1 10 12 10 10 12 10 12 1 10 12 10 12 10 10 12 1 10 12 1 1 10 12 1 1 10 10 12 1 10 7 12 1 1 1 10 12 1 1 10 10 7 12 1 1 1 11 10 12 1 10 12 1 1 10 12 1 1 10 7 12 1 1 1 10 12 1 10 12 1 10 12 1 10 12 1 10 12 1 10 12 1 100 1 10 10 12 1 10 12 1 1 8 1 10 12 1 3 3 10 12 1 10 12 1 1 10 12 7 1 10 10 12 1 1 10 12 10 12 1 10 12 1 10 12 1 1 10 12 1 1 11 7 12 1 1 1 7 1 10 12 1 10 12 1 1 8 1 10 12 1 1 10 12 1 11 100 12 1 1 1 11 100 12 1 1 11 12 1 10 12 1 10 12 1 1 10 10 7 12 1 1 1 10 12 1 10 12 1 10 10 12 10 12 1 1 10 10 12 1 10 10 12 1 10 10 12 1 10 10 12 1 10 12 1 1 10 10 12 1 8 1 10 12 1 1 18 12 1 1 11 100 12 1 1 1 3 18 12 1 18 12 1 8 1 10 100 12 1 1 1 11 12 1 1 10 12 10 10 12 1 10 11 12 1 1 10 12 1 1 11 12 1 18 3 11 10 11 11 10 12 1 10 12 1 1 8 1 10 12 1 10 12 1 10 12 1 1 10 10 12 1 11 100 12 1 100 1 100 1 10 12 100 1 10 10 100 12 1 1 1 100 1 10 100 1 10 10 12 1 10 10 12 1 8 1 10 10 12 1 8 1 8 1 10 12 1 10 12 1 10 10 12 10 100 12 1 1 10 100 12 1 1 10 100 12 1 1 8 1 10 12 1 10 12 1 10 9 12 1 10 12 9 7 12 1 1 1 10 12 1 10 12 1 10 12 1 10 12 10 12 1 10 12 1 8 1 10 100 12 1 1 1 10 12 10 12 1 1 10 12 10 12 10 12 7 1 9 12 1 1 7 1 10 100 1 100 1 100 1 100 1 1 1 1 1 1 5 0 1 1 1 1 1 3 1 3 1 1 1 1 1 1 1 1 1 1 1 1 1 1 1 100 1 1 1 1 1 1 1 1 1 1 1 1 1 1 1 1 1 1 1 1 1 1 1 1 1 1 1 1 1 1 1 100 1 1 1 1 1 1 1 1 1 1 1 1 100 1 1 1 1 1 1 1 1 1 1 1 1 1 1 1 1 1 1 1 1 1 1 1 1 1 1 1 1 1 1 1 1 1 1 1 1 1 1 1 1 1 1 1 1 1 1 1 1 1 1 1 1 1 1 1 1 1 1 1 1 1 1 1 1 1 1 1 1 1 1 1 1 1 1 1 1 1 1 1 1 1 1 1 1 1 1 1 1 1 1 1 1 1 1 1 1 1 1 1 1 1 1 1 1 1 1 1 1 1 1 1 1 1 1 1 1 1 1 1 1 1 1 1 1 1 1 1 1 1 1 1 1 1 1 1 1 1 1 1 1 1 1 1 1 1 1 1 1 1 1 1 1 1 1 1 1 1 1 1 1 1 1 1 1 1 1 1 1 1 1 1 1 1 1 1 1 1 1 1 100 1 1 1 1 1 1 1 1 1 1 1 1 1 1 1 1 1 1 1 1 1 1 1 100 1 1 1 1 1 1 1 1 1 1 1 1 1 1 1 100 1 1 1 1 1 1 1 1 1 1 1 1 1 1 1 16 15 10 12 16 15 10 12 15 10 12 15 10 12 15 10 100 12 1 1 1 1 100 1 1 1 1 1 100 1 100 1 1 1
staticfield java/lang/String COMPACT_STRINGS Z 1
staticfield java/lang/String serialPersistentFields [Ljava/io/ObjectStreamField; 0 [Ljava/io/ObjectStreamField;
staticfield java/lang/String CASE_INSENSITIVE_ORDER Ljava/util/Comparator; java/lang/String$CaseInsensitiveComparator
ciMethod java/lang/String hashCode ()I 1024 0 6203 0 560
ciInstanceKlass java/lang/Comparable 1 0 12 100 1 100 1 1 1 1 1 1 1 1
ciInstanceKlass java/lang/CharSequence 1 1 145 11 7 12 1 1 1 18 12 1 1 100 1 10 100 12 1 1 1 18 10 100 12 1 1 1 11 12 1 1 11 100 1 11 12 1 1 10 100 12 1 1 1 11 12 1 1 10 12 1 1 10 12 1 100 1 10 12 1 1 10 100 12 1 1 1 100 1 10 10 12 1 1 100 1 1 1 1 1 1 1 1 1 1 1 1 1 1 1 1 1 1 1 1 1 1 1 1 1 1 1 1 1 1 1 1 1 1 1 1 1 1 1 1 16 1 15 11 12 16 15 11 12 15 10 100 12 1 1 1 1 1 100 1 100 1 1 100 1 1 100 1 100 1 1
ciMethod java/lang/String length ()I 768 0 110479 0 104
ciMethod java/lang/String charAt (I)C 1024 0 179567 0 184
ciInstanceKlass java/lang/constant/Constable 1 0 11 100 1 100 1 1 1 1 1 1 1
ciInstanceKlass java/lang/constant/ConstantDesc 1 0 37 100 1 100 1 1 1 1 100 1 1 1 1 100 1 100 1 100 1 100 1 100 1 100 1 100 1 100 1 100 1 1 100 1 100 1 1
ciInstanceKlass java/lang/AutoCloseable 1 0 12 100 1 100 1 1 1 1 100 1 1 1
ciInstanceKlass java/io/Closeable 1 0 14 100 1 100 1 100 1 1 1 1 100 1 1 1
ciInstanceKlass java/lang/Appendable 1 0 14 100 1 100 1 1 1 1 100 1 1 1 1 1
ciInstanceKlass java/util/Iterator 1 1 53 100 1 8 1 10 12 1 1 10 7 12 1 1 1 11 7 12 1 1 1 11 12 1 1 11 7 12 1 1 1 100 1 1 1 1 1 1 1 1 1 1 1 1 1 1 1 1 1 1 1 1 1
ciInstanceKlass java/util/Map$Entry 1 0 178 18 12 1 1 100 1 100 1 18 10 100 12 1 1 1 18 12 1 18 100 1 11 100 12 1 1 1 11 12 1 11 100 12 1 1 1 10 100 12 1 1 1 10 100 12 1 1 1 8 1 10 12 1 1 8 1 8 1 8 1 10 12 1 10 12 1 8 10 100 1 10 12 1 8 10 12 1 8 1 10 12 1 8 10 12 1 8 1 10 12 1 1 8 1 100 1 8 1 10 12 1 1 11 12 100 1 11 12 1 1 1 1 1 1 1 1 1 1 1 1 1 1 1 1 1 1 1 1 1 1 1 1 1 1 1 1 1 1 1 1 1 1 1 1 1 1 1 16 15 11 12 16 3 3 15 11 12 15 11 12 15 11 12 15 10 100 12 1 1 1 1 1 100 1 100 1 1
instanceKlass sun/nio/ch/ChannelInputStream
instanceKlass java/util/zip/ZipFile$ZipFileInputStream
instanceKlass java/io/FilterInputStream
instanceKlass java/io/FileInputStream
instanceKlass java/io/ByteArrayInputStream
ciInstanceKlass java/io/InputStream 1 1 197 100 1 10 7 12 1 1 1 100 1 10 10 7 12 1 1 1 10 7 12 1 1 1 10 12 1 100 1 100 1 3 10 12 1 1 100 1 8 1 10 12 1 10 100 12 1 1 1 3 100 1 8 1 10 10 100 12 1 1 1 100 1 10 11 100 12 1 1 1 10 12 1 1 11 12 1 1 11 100 12 1 1 1 11 12 1 1 100 1 10 100 12 1 1 1 5 0 10 12 1 10 12 1 1 100 1 10 8 1 10 8 1 8 1 10 12 1 1 10 100 12 1 1 1 100 1 5 0 10 12 1 100 1 100 1 1 1 1 3 1 3 1 1 1 1 1 1 1 1 1 1 1 1 1 1 1 1 1 1 1 1 1 1 1 1 1 1 1 1 1 1 1 1 1 1 1 1 1 1 1 1 1 1 1 1 1 1 1 1 1 1 1 1 1 1 1
instanceKlass org/eclipse/sisu/space/CloningClassSpace$CloningClassLoader
instanceKlass java/security/SecureClassLoader
ciInstanceKlass java/lang/ClassLoader 1 1 1076 9 7 12 1 1 1 10 7 12 1 1 1 9 12 1 1 10 7 12 1 1 1 7 1 10 12 1 1 10 12 1 1 9 12 1 1 10 12 1 1 100 1 10 12 1 10 12 1 1 10 7 12 1 1 1 100 1 8 1 10 12 1 10 7 1 10 7 1 7 1 7 1 10 12 1 10 12 1 9 12 1 1 10 10 7 12 1 1 1 9 12 1 1 9 12 1 9 12 1 1 9 12 1 9 12 1 1 9 12 1 1 7 1 10 12 1 9 12 1 1 10 12 1 1 10 7 12 1 1 1 9 12 1 9 12 1 1 9 12 1 10 12 1 1 9 12 10 12 1 1 7 1 10 8 1 10 12 1 1 10 12 1 10 7 1 7 1 10 7 12 1 1 1 10 7 12 1 1 1 8 1 10 12 1 10 12 1 10 12 1 1 10 12 1 1 10 12 1 1 10 12 1 1 10 12 1 1 10 12 1 7 1 10 12 1 10 100 12 1 1 1 10 12 1 1 10 12 1 10 12 1 10 12 1 10 12 1 10 12 1 1 10 10 12 1 10 12 1 10 10 12 1 1 10 12 1 1 100 1 8 1 10 8 1 10 12 1 10 12 1 100 1 8 1 10 12 1 1 10 12 1 1 10 10 12 1 1 10 12 1 1 10 12 1 1 10 7 1 10 12 1 10 12 1 1 10 12 1 1 10 12 1 1 10 12 1 1 10 12 1 1 10 12 1 1 10 12 1 1 10 7 12 1 1 1 10 12 1 10 12 1 10 12 1 1 10 12 1 10 12 1 10 12 1 10 12 1 1 10 12 1 10 12 1 1 8 1 9 12 1 10 12 1 1 8 1 8 1 10 7 12 1 1 100 1 10 10 12 10 12 1 10 12 1 10 12 1 10 12 1 1 10 7 12 1 1 10 12 1 10 7 1 7 1 10 12 1 1 10 12 1 10 7 1 10 12 1 100 1 18 12 1 10 100 12 1 1 1 10 100 12 1 1 1 10 7 12 1 1 10 12 1 10 12 1 100 1 10 12 1 8 1 10 10 12 1 1 10 12 1 10 12 1 1 100 1 10 12 1 1 10 100 12 1 1 10 12 1 10 7 12 1 1 10 12 1 8 1 100 1 10 10 12 1 9 12 1 10 7 12 1 1 10 12 1 100 1 8 1 10 12 1 10 8 1 8 1 10 12 1 1 10 12 1 1 10 12 1 1 10 100 12 1 1 100 1 100 1 10 12 1 1 100 1 100 1 10 100 12 1 1 10 12 1 10 12 1 10 12 1 10 12 1 10 12 1 1 10 12 1 8 1 7 1 18 12 1 1 10 12 1 1 10 12 1 10 12 1 10 12 1 8 1 10 12 1 10 12 1 18 12 1 11 100 12 1 1 1 100 1 10 12 1 1 10 12 1 10 11 12 1 1 10 18 10 12 1 1 11 100 12 1 18 12 1 11 12 1 1 10 12 1 10 12 1 1 10 12 1 1 100 1 8 1 10 10 12 1 8 1 8 1 10 100 12 1 1 10 12 1 100 1 10 10 12 1 8 1 8 1 8 1 10 12 1 10 12 1 10 12 1 1 10 12 1 1 10 12 1 10 100 12 1 1 1 11 100 12 1 1 100 1 10 11 10 12 1 10 12 1 10 12 1 1 9 100 12 1 1 9 12 1 1 9 12 9 12 1 9 12 1 9 12 1 8 10 12 1 1 10 7 12 1 1 1 10 12 1 1 10 12 1 1 10 12 1 1 8 1 10 12 1 1 8 10 12 1 1 8 8 10 12 1 10 12 1 10 12 1 11 12 1 1 10 100 12 1 1 1 100 1 10 12 1 10 12 1 10 12 1 1 1 1 1 1 1 1 1 1 1 1 1 1 1 1 1 1 1 1 1 1 1 1 1 1 100 1 1 1 1 1 1 1 1 1 1 1 1 1 1 1 1 1 1 1 1 1 1 1 1 1 100 1 1 1 1 1 1 1 1 1 1 1 1 1 1 1 1 1 1 1 1 1 1 1 1 1 1 1 1 1 1 1 1 1 1 1 1 1 1 1 1 1 1 1 100 1 1 1 1 1 1 1 1 1 1 1 1 1 1 1 1 1 1 1 1 1 100 1 1 1 1 1 1 1 1 1 1 1 1 1 1 1 1 1 1 1 1 1 1 1 1 1 1 1 1 1 1 1 1 1 1 1 1 1 1 1 1 1 1 1 1 100 1 1 1 1 1 1 1 1 1 1 1 1 1 1 1 1 1 1 1 1 1 1 1 1 1 1 1 1 1 1 1 1 1 1 1 1 1 1 1 1 1 1 1 1 1 1 1 1 1 1 1 16 1 15 10 12 16 1 16 15 10 12 16 1 16 1 15 10 12 16 15 10 12 16 15 10 12 16 15 10 100 12 1 1 1 1 1 100 1 100 1 1
staticfield java/lang/ClassLoader nocerts [Ljava/security/cert/Certificate; 0 [Ljava/security/cert/Certificate;
staticfield java/lang/ClassLoader $assertionsDisabled Z 1
instanceKlass java/util/logging/LogManager$Cleaner
instanceKlass org/apache/maven/shared/utils/logging/MessageUtils$1
instanceKlass jdk/internal/misc/InnocuousThread
instanceKlass java/lang/ref/Finalizer$FinalizerThread
instanceKlass java/lang/ref/Reference$ReferenceHandler
instanceKlass java/lang/BaseVirtualThread
ciInstanceKlass java/lang/Thread 1 1 761 9 7 12 1 1 1 9 7 12 1 1 1 9 12 1 9 12 1 10 12 1 1 9 12 1 1 10 100 12 1 1 10 12 1 10 100 12 1 1 100 1 8 1 10 12 1 1 9 12 1 1 9 12 1 9 12 1 1 100 1 10 12 1 1 10 12 1 100 1 10 12 10 12 1 1 9 12 1 1 10 12 1 100 1 10 12 1 10 12 1 1 10 12 1 1 10 12 1 10 12 1 1 100 1 8 1 10 9 100 12 1 1 1 10 12 1 1 10 3 8 1 100 1 5 0 10 7 12 1 1 1 9 12 1 10 12 1 1 10 7 1 100 1 8 1 10 10 12 1 10 12 1 1 10 12 1 1 10 7 12 1 1 10 12 1 10 12 1 10 7 12 1 1 5 0 9 12 1 10 7 12 1 1 1 10 12 1 1 9 12 1 1 10 100 12 1 1 10 100 12 1 1 1 10 12 1 10 12 1 1 9 12 1 1 10 7 12 1 1 9 12 1 8 1 9 100 12 1 1 1 5 0 100 1 10 100 1 10 100 1 10 7 1 10 8 1 10 12 1 1 10 7 12 1 10 12 1 10 12 1 100 1 8 1 10 10 12 1 10 12 1 1 10 100 12 1 1 1 10 100 12 1 1 1 10 12 1 7 1 9 12 1 1 100 1 10 10 12 1 9 12 1 1 10 12 1 1 10 12 1 1 10 12 1 10 12 1 9 12 1 1 10 10 12 1 1 10 12 1 1 11 7 12 1 1 10 7 12 1 1 9 12 1 1 9 12 1 1 10 100 12 1 1 10 12 1 1 10 12 1 10 7 12 1 1 10 12 1 100 1 10 9 12 1 1 10 12 1 11 100 12 1 1 11 12 1 10 12 1 10 12 1 10 12 1 9 12 1 10 10 12 1 10 12 1 1 9 12 1 9 12 10 12 1 8 1 10 12 1 10 12 1 10 12 1 10 12 1 10 12 1 1 10 12 1 10 12 1 1 10 100 12 1 1 10 12 1 10 12 1 10 12 1 10 12 1 1 9 7 12 1 1 1 8 1 10 9 12 1 10 12 1 100 1 8 1 10 10 12 1 8 1 10 12 1 1 9 12 8 1 10 10 12 1 10 12 1 8 1 10 12 1 10 8 1 9 12 1 1 10 12 1 1 10 10 12 1 10 12 1 100 10 7 12 1 1 1 10 12 1 1 10 12 1 1 10 100 12 1 1 1 11 100 12 1 1 1 10 12 1 1 9 12 1 10 12 1 10 12 1 1 11 100 12 1 1 1 10 12 1 1 1 1 3 1 3 1 3 1 3 1 1 1 1 1 1 1 1 1 1 1 1 1 1 1 1 1 1 1 1 1 1 1 1 1 1 1 100 1 1 1 1 1 1 1 1 1 1 1 1 1 1 1 1 1 1 100 1 1 1 1 1 1 1 1 1 1 1 1 1 1 1 100 1 1 1 1 1 1 1 1 1 1 1 1 1 1 1 1 1 1 1 1 1 1 1 1 1 1 1 1 1 1 1 1 1 1 1 1 1 1 1 1 1 1 1 1 1 1 1 1 1 1 1 1 1 1 1 1 1 1 1 1 1 1 1 1 1 1 1 1 1 1 100 100 1 1 1 1 1 1 1 1 1 1 1 1 1 1 1 1 1 1 1 1 1 1 1 100 1 100 1 100 1 1 1 1 100 1 1 1 1 1 1 1 1 1 1 1 1
staticfield java/lang/Thread NEW_THREAD_BINDINGS Ljava/lang/Object; java/lang/Class
staticfield java/lang/Thread EMPTY_STACK_TRACE [Ljava/lang/StackTraceElement; 0 [Ljava/lang/StackTraceElement;
ciInstanceKlass java/lang/Runnable 1 0 11 100 1 100 1 1 1 1 1 1 1
ciInstanceKlass java/lang/Class 1 1 1652 10 7 12 1 1 1 10 7 12 1 1 9 12 1 1 9 12 1 1 9 12 1 1 9 12 1 1 9 12 1 1 10 12 1 1 8 1 10 12 1 8 1 8 1 10 12 1 1 10 7 12 1 1 1 10 12 1 7 1 10 10 12 1 10 12 1 1 10 12 1 1 10 12 1 1 10 7 12 1 1 10 12 1 10 12 1 10 12 1 1 10 12 1 8 1 10 12 1 8 1 10 12 1 8 1 8 1 10 12 1 1 10 100 12 1 1 1 18 12 1 1 11 100 12 1 1 1 8 1 8 1 8 1 10 100 12 1 1 1 11 12 1 1 8 1 10 12 1 10 10 12 1 1 10 12 1 8 1 10 12 1 1 8 1 10 12 1 10 12 1 1 11 100 12 1 1 1 11 100 12 1 1 1 11 8 1 18 8 1 10 12 1 10 7 12 1 1 10 12 1 1 10 7 12 1 1 1 10 12 1 1 10 12 1 1 10 7 12 1 1 1 10 7 12 1 10 12 1 1 10 7 1 10 12 1 8 1 10 8 1 8 1 8 1 8 1 8 1 8 1 8 1 8 1 9 100 12 1 1 9 100 1 9 100 1 9 100 1 9 100 1 9 100 1 9 100 1 9 100 1 9 7 1 9 12 1 1 100 1 8 1 10 12 1 10 12 1 1 100 1 10 12 1 1 10 7 12 1 1 1 10 7 12 1 1 1 100 1 100 1 10 10 12 1 1 10 12 1 1 100 1 10 100 12 1 1 1 10 12 1 1 10 12 1 1 10 12 9 12 1 1 10 12 1 9 12 1 1 9 12 1 1 10 12 1 1 10 7 1 10 12 1 10 12 1 1 10 9 12 1 10 12 1 8 1 10 12 1 1 10 12 1 1 10 12 1 10 12 1 10 12 1 1 9 7 12 1 1 1 10 12 1 10 7 12 1 1 10 12 1 10 12 1 10 12 1 10 12 1 9 100 12 1 1 1 9 12 1 10 12 1 10 12 1 1 9 12 1 1 10 7 10 12 1 1 10 100 12 1 1 10 12 1 10 12 1 1 10 100 12 1 1 1 10 12 1 10 12 1 1 10 12 1 10 12 1 10 12 1 1 10 7 1 10 10 12 1 1 10 12 1 1 10 12 10 10 12 1 1 100 1 8 1 10 10 12 1 1 10 12 1 100 1 11 12 1 10 12 1 10 12 1 10 100 12 1 1 10 10 12 1 1 8 1 10 12 1 8 1 9 12 1 10 12 1 10 12 1 10 12 1 10 12 100 1 9 12 1 10 12 1 9 12 1 10 12 1 10 12 1 10 12 1 10 10 12 1 10 12 1 10 12 1 10 12 1 10 12 1 10 12 1 7 1 10 10 12 1 10 12 1 11 100 12 1 1 11 12 1 1 10 12 1 1 10 12 1 1 10 12 1 1 10 12 1 1 10 12 1 1 10 12 1 1 100 1 10 10 12 1 1 10 12 1 1 10 12 1 1 10 10 12 1 10 12 1 1 10 12 1 1 10 12 1 1 10 12 1 1 10 12 10 12 1 1 10 7 12 1 1 1 10 12 1 10 12 1 1 10 12 1 10 100 12 1 1 1 10 12 1 1 10 10 12 1 1 100 1 10 10 12 1 1 10 100 12 1 1 1 100 1 100 1 10 12 1 1 10 12 1 10 10 12 1 1 10 12 1 10 12 1 10 12 1 10 100 12 1 1 1 11 7 12 1 1 10 12 1 10 12 1 9 100 12 1 1 8 1 10 12 1 10 12 1 10 12 1 10 12 1 1 9 12 1 9 12 1 1 10 7 12 1 1 9 12 1 10 12 1 1 10 10 12 1 10 7 12 1 1 1 10 7 12 1 1 10 7 12 1 1 9 12 1 1 10 12 1 9 12 1 10 12 1 10 12 1 1 9 12 1 1 9 12 1 10 12 1 10 12 1 1 9 12 1 100 1 10 10 12 1 1 7 1 10 100 11 100 1 9 12 1 1 9 12 1 10 12 1 9 12 1 1 9 12 1 10 12 1 10 12 1 1 9 12 1 7 1 10 10 12 1 1 10 10 12 1 10 12 10 10 12 1 9 12 1 10 12 1 1 10 12 1 8 10 100 8 1 18 8 1 8 1 10 12 1 9 12 1 9 12 1 1 10 12 1 7 1 100 1 10 12 1 9 12 1 1 10 10 12 1 9 12 1 8 1 10 12 1 10 10 12 1 1 100 1 100 1 9 12 1 100 1 8 1 10 10 7 12 1 1 1 10 12 11 7 12 1 1 1 10 12 1 10 12 1 1 10 8 1 10 12 1 8 1 10 12 1 1 9 7 12 1 1 11 12 7 1 11 7 12 1 1 9 12 1 10 100 12 1 1 1 10 7 12 1 1 10 12 1 1 9 12 1 9 10 12 1 1 10 12 1 1 10 12 1 1 10 12 1 1 10 12 1 1 11 12 1 11 12 1 1 11 7 12 1 1 11 12 1 100 1 11 12 1 10 100 12 1 1 1 10 12 1 11 12 1 10 100 12 1 1 1 10 12 1 10 100 12 1 1 1 11 12 1 11 12 1 1 10 12 1 10 12 1 1 9 12 1 1 10 12 1 10 7 12 1 1 1 10 12 1 1 10 12 1 10 12 1 10 12 1 10 7 12 1 1 1 10 12 1 8 1 10 12 1 10 12 1 10 12 1 8 1 8 1 10 7 12 1 1 10 100 12 1 1 100 1 10 12 10 100 12 1 1 1 10 100 12 1 1 1 10 12 1 1 10 12 1 18 12 1 1 11 12 1 1 18 11 12 1 18 12 1 11 12 1 10 12 1 10 12 1 10 12 1 10 12 10 12 1 8 1 10 12 1 7 1 9 12 1 1 100 1 100 1 100 1 100 1 1 1 3 1 3 1 3 1 1 1 1 1 1 1 1 1 5 0 1 1 1 1 1 1 1 1 1 1 1 1 1 1 1 1 1 1 1 1 1 1 1 1 1 1 1 100 1 1 1 1 1 1 1 1 1 1 1 100 1 1 1 1 1 100 1 1 1 1 1 1 1 1 1 1 1 1 1 1 1 1 1 1 1 1 1 1 1 1 1 1 1 1 1 1 1 1 1 1 100 1 1 1 1 1 1 1 1 1 1 1 1 1 1 1 1 1 1 1 1 1 1 1 1 1 1 1 1 1 1 1 100 1 1 1 1 1 1 1 1 1 1 1 1 1 1 1 1 1 1 1 1 1 1 1 1 1 1 1 1 1 1 1 1 1 1 1 1 1 1 1 1 1 1 1 1 1 1 1 1 1 1 1 1 1 1 1 1 1 1 1 1 1 100 1 100 1 1 1 1 1 1 1 1 1 1 1 1 1 1 1 1 1 1 1 1 1 1 1 1 1 1 1 1 1 1 1 1 1 1 1 1 1 1 1 1 1 1 1 1 1 1 1 1 1 1 1 1 1 1 1 1 1 1 1 1 1 1 1 1 1 1 1 1 1 1 1 1 1 1 1 1 1 1 1 1 1 1 1 1 1 1 1 1 1 1 1 1 1 1 1 1 1 1 1 1 1 1 1 1 1 1 1 1 1 1 1 1 1 1 1 1 1 1 1 1 16 15 10 12 16 15 11 12 16 1 15 10 12 16 16 15 10 12 16 15 16 1 15 10 12 16 15 10 100 12 1 1 1 1 1 100 1 1 1 1 1 1 1 1 100 1 1 100 1 100 1 1 100 1 100 1 1
staticfield java/lang/Class EMPTY_CLASS_ARRAY [Ljava/lang/Class; 0 [Ljava/lang/Class;
staticfield java/lang/Class serialPersistentFields [Ljava/io/ObjectStreamField; 0 [Ljava/io/ObjectStreamField;
ciInstanceKlass java/lang/reflect/AnnotatedElement 1 1 165 11 7 12 1 1 1 11 12 1 1 100 1 10 100 12 1 1 1 10 12 1 1 10 12 1 1 10 12 1 10 100 12 1 1 1 11 12 1 1 11 100 12 1 1 10 100 12 1 1 1 10 12 1 10 100 12 1 1 1 18 12 1 1 11 100 12 1 1 18 12 1 18 12 1 1 10 100 12 1 1 1 11 100 12 1 1 1 100 1 10 100 12 1 1 1 1 1 1 1 1 1 1 1 1 1 1 1 1 1 1 1 1 1 1 1 1 1 1 100 1 1 1 1 1 1 1 1 1 1 1 16 15 16 1 16 1 15 11 12 16 16 1 15 10 100 12 1 1 1 16 1 15 10 100 12 1 1 1 1 100 1 100 1 1
ciInstanceKlass java/lang/reflect/Type 1 1 17 11 100 12 1 1 1 100 1 1 1 1 1 1 1 1 1
ciInstanceKlass java/lang/invoke/TypeDescriptor 1 0 17 100 1 100 1 1 1 1 1 1 100 1 100 1 1 1 1
ciInstanceKlass java/lang/invoke/TypeDescriptor$OfField 1 0 21 100 1 100 1 100 1 1 1 1 1 1 1 1 1 1 1 1 1 1 1
ciInstanceKlass java/lang/reflect/GenericDeclaration 1 0 30 100 1 100 1 100 1 1 1 1 1 1 1 1 100 1 8 1 1 12 10 1 1 1 8 1 1 1 8 1
ciInstanceKlass java/lang/Module 1 1 1076 10 7 12 1 1 1 9 7 12 1 1 1 10 7 12 1 1 1 9 12 1 9 12 1 1 9 12 1 1 10 12 1 1 10 12 1 10 12 1 1 10 7 12 1 1 1 7 1 10 7 12 1 1 1 10 12 1 1 11 7 12 1 1 1 10 12 1 1 10 12 1 8 1 10 7 12 1 1 1 10 7 12 1 1 1 10 7 12 1 1 1 10 12 1 1 10 12 1 9 12 1 1 10 7 12 1 1 1 9 7 12 1 1 1 100 1 10 8 1 10 12 1 1 10 12 1 10 12 8 1 10 7 12 1 1 1 10 100 12 1 1 1 10 100 12 1 1 1 8 1 10 12 1 8 1 9 12 1 100 1 8 1 10 12 1 10 8 1 8 1 8 1 10 7 12 1 1 1 8 1 10 100 12 1 1 1 8 1 10 12 1 9 12 1 1 11 12 1 9 7 12 1 1 10 7 12 1 1 1 10 100 12 1 1 1 10 12 1 1 8 1 10 12 1 1 10 12 1 10 12 1 1 9 7 12 1 1 1 10 12 1 1 10 12 1 1 9 12 1 10 12 1 10 12 1 9 12 1 1 11 7 12 1 1 10 12 1 1 9 12 1 9 12 1 10 12 1 10 12 1 100 1 8 1 10 10 12 1 1 10 12 1 8 1 10 12 1 1 8 1 8 1 10 12 1 1 10 12 1 10 12 1 1 10 12 1 18 12 1 1 10 12 1 1 11 12 1 9 12 1 11 12 7 1 10 12 1 18 12 1 11 12 1 1 11 12 1 1 11 12 1 10 12 1 1 10 12 1 1 9 12 1 10 12 10 7 12 1 1 10 7 1 18 12 1 1 11 100 12 1 1 1 18 12 1 11 12 1 1 10 100 12 1 1 1 11 12 1 1 10 7 12 1 1 11 12 1 1 10 12 1 1 7 1 11 12 1 7 1 7 1 10 12 1 10 7 12 1 1 1 10 7 12 1 1 1 10 11 7 12 1 8 1 10 12 1 10 12 1 1 10 7 12 1 1 10 12 1 10 12 1 7 1 10 12 1 10 11 12 1 10 12 11 12 1 1 11 7 12 1 1 11 12 1 1 10 12 1 1 9 12 1 1 100 1 10 10 12 1 1 11 100 1 10 12 1 1 11 12 1 10 11 10 12 1 11 10 12 1 1 10 12 1 1 10 12 1 1 10 7 12 1 1 10 12 1 10 12 1 1 10 10 12 1 1 10 12 1 18 12 1 11 12 1 18 12 1 10 12 1 10 12 1 10 12 7 1 10 12 1 10 12 1 10 12 1 9 12 1 7 1 10 10 10 10 12 1 10 12 1 10 12 1 10 12 1 1 10 12 1 1 10 12 1 9 12 1 10 12 1 100 1 8 1 10 12 1 1 10 12 1 10 100 12 1 1 100 1 10 12 1 1 100 1 8 1 100 1 9 100 12 1 1 1 11 100 12 1 1 10 12 1 1 11 12 1 1 18 12 1 1 11 12 1 1 100 1 10 12 1 10 12 1 1 100 1 100 1 10 12 8 1 10 12 1 1 10 12 1 1 10 100 12 1 1 10 12 1 1 10 12 1 10 12 10 12 1 1 100 1 10 10 12 1 1 10 100 12 1 1 1 100 1 10 100 12 1 1 1 10 100 12 1 1 8 1 18 12 1 1 100 1 100 1 9 12 1 1 9 12 1 9 12 1 11 100 12 1 1 1 100 1 11 12 1 1 100 1 10 12 1 8 1 10 12 1 10 12 10 12 1 8 1 10 10 100 12 1 1 10 12 1 1 7 1 10 10 12 1 10 7 12 1 1 9 12 1 9 12 1 9 12 1 9 12 1 9 12 1 10 12 10 12 1 100 1 1 1 1 1 1 1 1 1 1 1 1 1 1 1 1 1 1 1 1 1 1 1 1 1 1 1 1 1 1 1 1 1 1 1 1 1 1 1 1 1 1 1 1 1 1 1 1 1 1 1 1 1 1 1 1 1 1 1 1 1 1 1 1 1 1 1 1 1 1 1 1 1 1 1 1 1 1 1 1 1 1 1 1 1 1 1 1 1 1 1 1 1 1 1 1 1 1 1 1 1 1 1 1 1 1 1 1 100 100 1 1 1 1 1 1 1 1 1 1 1 1 1 1 1 1 1 1 1 1 1 1 1 1 1 1 100 1 100 1 1 1 1 1 1 1 1 1 1 1 1 1 1 1 1 1 1 100 1 1 1 1 1 1 1 1 1 1 1 1 1 1 1 1 1 1 1 1 1 1 1 1 1 1 1 16 15 10 12 16 15 10 12 16 1 16 15 10 12 16 16 15 10 16 1 15 10 12 16 1 15 10 12 16 1 16 1 15 10 12 16 15 10 7 12 1 1 1 15 10 100 12 1 1 1 1 1 1 1 1 1 1 1 1 1 100 1 100 1 1
staticfield java/lang/Module ALL_UNNAMED_MODULE Ljava/lang/Module; java/lang/Module
staticfield java/lang/Module ALL_UNNAMED_MODULE_SET Ljava/util/Set; java/util/ImmutableCollections$Set12
staticfield java/lang/Module EVERYONE_MODULE Ljava/lang/Module; java/lang/Module
staticfield java/lang/Module EVERYONE_SET Ljava/util/Set; java/util/ImmutableCollections$Set12
staticfield java/lang/Module $assertionsDisabled Z 1
ciInstanceKlass java/lang/StringLatin1 1 1 400 7 1 10 100 12 1 1 1 10 12 1 1 100 1 10 7 12 1 1 1 10 7 12 1 1 1 10 12 1 10 7 12 1 1 1 10 12 1 1 10 7 12 1 1 1 10 7 12 1 1 1 10 12 1 1 10 12 1 1 10 10 12 1 10 12 1 10 9 7 12 1 1 1 10 12 1 1 10 100 12 1 1 1 10 12 10 12 1 1 10 12 1 1 10 12 1 10 12 1 1 10 12 1 10 7 12 1 1 10 12 1 10 12 1 1 9 12 1 1 100 1 10 10 12 1 1 10 7 12 1 1 1 10 12 1 10 12 1 100 1 100 1 8 1 10 12 1 8 1 10 12 1 1 100 1 10 10 12 1 10 7 12 1 1 1 8 1 8 1 8 1 10 12 1 1 10 12 10 100 12 1 1 10 12 1 10 12 1 1 10 12 1 1 10 12 1 1 10 12 1 10 12 10 12 10 12 1 10 12 10 10 12 1 10 12 1 10 12 1 10 100 12 1 1 1 10 100 12 1 1 1 10 12 1 1 10 10 7 12 1 1 1 1 1 1 1 1 1 1 1 1 1 1 1 1 1 1 1 1 1 1 1 1 1 1 1 1 1 1 1 1 1 1 1 1 1 1 1 1 1 1 1 1 1 1 1 1 1 1 1 1 1 1 100 1 1 1 1 1 1 1 1 1 1 1 1 1 1 1 1 1 1 1 1 1 1 1 1 1 1 1 1 1 1 1 1 1 1 1 1 1 1 1 1 1 1 1 100 1 1 1 1 1 1 1 1 1 1 1 1 1 1 1 1 1 1 1 1 1 1 1 100 1 1 1 1 1 1 1 1 1 1 1 1 1 1 1 1 1 1 1 1 1 1 1 1 1 1 1 1 1 1 1 1 100 1 1 1 1
staticfield java/lang/StringLatin1 $assertionsDisabled Z 1
ciInstanceKlass jdk/internal/util/ArraysSupport 1 1 396 7 1 100 1 8 1 10 12 1 1 10 12 1 1 10 100 12 1 1 9 7 12 1 1 1 9 12 1 1 10 7 12 1 1 1 9 12 1 1 10 7 12 1 1 1 9 12 1 10 12 9 12 1 10 12 1 1 10 12 10 12 1 1 10 7 12 1 1 1 9 12 1 1 11 100 12 1 1 1 10 7 12 1 1 1 7 1 10 12 1 1 10 12 1 100 1 10 12 1 10 12 100 1 10 12 1 100 1 10 12 1 100 1 100 1 10 8 1 10 12 1 1 10 12 1 10 12 1 1 10 9 12 1 1 9 12 1 10 12 1 1 9 12 1 9 12 1 9 12 1 9 12 1 9 12 1 9 12 1 9 12 1 10 12 1 1 10 100 12 1 1 1 9 12 1 9 12 1 10 12 1 1 10 12 1 9 12 1 10 12 1 10 100 12 1 1 1 9 12 1 9 12 1 10 12 1 10 12 1 10 7 12 1 1 1 3 10 12 1 100 1 8 1 8 1 8 1 10 10 100 12 1 1 1 11 100 12 1 1 1 10 12 1 10 100 12 1 1 1 10 12 1 1 10 12 1 1 9 12 1 10 12 1 9 12 1 9 12 1 9 12 1 9 12 1 9 12 1 9 12 1 9 12 1 10 7 12 1 1 1 1 1 3 1 3 1 3 1 3 1 3 1 3 1 3 1 3 1 1 1 1 1 1 1 1 1 1 1 1 1 1 1 1 1 1 1 1 1 1 1 1 1 1 1 1 1 1 1 1 1 1 1 1 1 1 1 1 1 1 1 1 1 1 1 1 1 1 1 1 1 1 1 1 1 1 1 1 1 1 1 1 1 1 1 1 1 1 1 1 1 1 1 1 1 1 1 1 1 1 1 100 1 1 1 1
staticfield jdk/internal/util/ArraysSupport U Ljdk/internal/misc/Unsafe; jdk/internal/misc/Unsafe
staticfield jdk/internal/util/ArraysSupport BIG_ENDIAN Z 0
staticfield jdk/internal/util/ArraysSupport LOG2_ARRAY_BOOLEAN_INDEX_SCALE I 0
staticfield jdk/internal/util/ArraysSupport LOG2_ARRAY_BYTE_INDEX_SCALE I 0
staticfield jdk/internal/util/ArraysSupport LOG2_ARRAY_CHAR_INDEX_SCALE I 1
staticfield jdk/internal/util/ArraysSupport LOG2_ARRAY_SHORT_INDEX_SCALE I 1
staticfield jdk/internal/util/ArraysSupport LOG2_ARRAY_INT_INDEX_SCALE I 2
staticfield jdk/internal/util/ArraysSupport LOG2_ARRAY_LONG_INDEX_SCALE I 3
staticfield jdk/internal/util/ArraysSupport LOG2_ARRAY_FLOAT_INDEX_SCALE I 2
staticfield jdk/internal/util/ArraysSupport LOG2_ARRAY_DOUBLE_INDEX_SCALE I 3
staticfield jdk/internal/util/ArraysSupport LOG2_BYTE_BIT_SIZE I 3
staticfield jdk/internal/util/ArraysSupport JLA Ljdk/internal/access/JavaLangAccess; java/lang/System$1
ciMethod java/lang/StringLatin1 hashCode ([B)I 94 0 1574 0 0
ciMethod java/lang/StringLatin1 charAt ([BI)C 1024 0 180075 0 0
ciInstanceKlass java/lang/StringUTF16 1 1 603 100 1 7 1 10 100 12 1 1 1 10 7 12 1 1 1 100 1 10 3 100 1 100 1 10 8 1 10 12 1 1 10 12 1 8 1 10 12 1 1 10 12 1 9 12 1 1 10 12 1 1 100 1 8 1 10 12 1 9 12 1 1 9 12 1 10 10 12 1 1 10 12 1 1 10 100 12 1 1 1 10 12 1 10 12 1 1 10 12 1 1 10 12 1 1 10 12 1 1 10 12 1 10 12 1 1 10 12 1 1 10 12 1 1 10 12 1 1 10 12 1 1 10 12 1 10 100 12 1 1 1 10 12 1 1 10 100 12 1 1 1 10 12 1 1 10 12 1 10 12 1 1 10 12 1 1 10 12 1 1 10 12 1 10 12 1 100 1 10 12 1 10 10 12 1 10 12 1 1 10 12 1 10 100 12 1 1 1 10 12 1 1 10 12 10 12 1 1 10 12 1 10 12 1 1 10 12 1 10 12 1 10 12 1 10 12 1 10 100 12 1 1 1 3 10 12 1 10 12 1 10 12 1 10 12 1 10 12 1 10 12 1 1 9 12 1 10 12 1 10 12 10 12 1 1 10 12 1 10 12 1 10 12 1 10 10 12 10 12 10 10 12 1 1 10 12 1 10 12 1 10 12 1 100 1 8 1 8 1 10 12 1 1 100 1 10 10 100 12 1 1 1 10 100 12 1 1 8 1 8 1 8 1 10 12 1 1 10 12 1 1 10 12 10 100 12 1 1 10 12 1 1 10 12 1 1 10 12 1 10 12 10 12 10 12 1 10 12 10 12 1 10 12 1 10 12 1 10 12 1 10 100 12 1 1 1 10 100 12 1 1 1 10 12 1 1 11 100 12 1 1 10 12 1 1 10 12 1 10 12 10 12 10 7 12 1 1 1 10 7 12 1 1 1 10 12 1 1 1 1 1 1 1 1 1 1 1 1 1 1 1 1 1 1 1 1 1 1 1 1 1 1 1 1 1 1 100 1 1 1 1 1 1 1 1 1 1 1 1 1 1 1 1 1 1 1 1 1 1 1 1 1 1 1 1 1 1 1 1 1 1 1 1 1 1 1 1 1 1 1 1 1 1 1 1 1 1 1 1 1 1 1 1 1 1 1 1 1 1 1 1 1 1 1 1 1 1 1 1 1 1 1 1 1 1 1 1 1 1 1 1 1 1 1 1 1 100 1 1 1 1 1 1 1 1 1 1 1 1 1 1 1 1 1 100 1 1 1 1 1 1 1 1 1 1 1 1 1 1 1 1 1 1 1 1 1 1 1 1 1 1 1 1 1 1 1 1 1 1 1 1 1 1 1 1 1 1 1 1 1 1 1 1 1 100 1 100 1 1 1 1 1
staticfield java/lang/StringUTF16 HI_BYTE_SHIFT I 0
staticfield java/lang/StringUTF16 LO_BYTE_SHIFT I 8
staticfield java/lang/StringUTF16 $assertionsDisabled Z 1
ciInstanceKlass jdk/internal/misc/Unsafe 1 1 1248 10 7 12 1 1 1 10 7 12 1 1 9 12 1 1 9 12 1 1 10 12 1 1 10 7 12 1 1 1 10 12 1 1 10 12 1 1 10 12 1 1 10 12 1 1 10 12 1 1 10 12 1 1 10 12 1 1 10 12 1 1 10 12 1 1 10 12 1 1 10 12 1 1 10 12 1 1 10 12 1 1 10 12 1 10 12 1 100 1 10 10 12 1 1 10 12 1 1 5 0 10 12 1 1 10 12 1 1 10 7 12 1 1 1 10 12 1 1 10 12 1 10 12 1 10 12 1 1 10 12 1 1 10 12 1 10 12 1 100 1 100 1 10 8 1 10 12 1 1 10 12 1 8 1 10 12 1 1 10 12 1 10 12 1 10 12 1 1 10 12 1 10 12 1 1 10 12 1 1 10 12 1 10 12 1 10 12 1 10 12 1 1 10 12 1 10 12 1 10 12 1 1 10 12 1 5 0 5 0 5 0 10 12 1 10 12 1 10 12 1 10 12 1 10 12 1 10 12 1 10 12 1 10 12 1 10 12 1 1 10 12 1 10 12 1 100 1 8 1 10 100 1 10 10 12 1 1 10 12 1 1 10 12 1 10 12 1 1 10 12 1 1 10 12 1 10 12 1 1 10 12 1 9 7 12 1 1 9 12 1 100 1 10 10 12 1 1 8 1 10 8 1 8 1 10 12 1 1 9 7 12 1 1 1 9 100 1 9 7 1 9 7 1 9 9 100 1 9 7 1 9 100 1 10 12 1 1 10 12 1 1 10 12 1 1 10 12 1 1 5 0 5 0 9 12 1 1 10 12 1 10 12 1 10 12 1 1 10 12 1 1 10 12 1 8 1 3 10 12 1 1 10 12 1 1 10 12 1 10 12 1 1 10 12 1 1 10 12 1 10 12 1 10 12 1 10 12 1 10 12 1 10 12 1 1 10 12 1 1 10 12 1 10 12 1 10 12 1 10 12 1 10 12 1 10 12 1 1 10 12 1 1 10 12 1 10 12 1 10 12 1 10 12 1 10 12 1 10 12 1 1 10 12 1 1 10 12 1 1 10 12 1 1 10 12 1 10 12 1 10 12 1 10 12 1 10 12 1 10 12 1 10 12 1 1 10 12 1 1 10 12 1 10 12 1 10 12 1 10 12 1 10 12 1 10 12 1 10 12 1 1 10 12 1 1 10 12 1 10 12 1 10 12 1 10 12 1 10 12 1 10 12 1 10 12 1 10 12 1 1 10 12 1 10 12 1 10 12 1 10 12 1 10 12 1 1 10 12 1 10 12 1 10 12 1 10 12 1 10 12 1 10 12 1 10 12 1 10 12 1 1 10 12 1 10 12 1 10 12 1 10 12 1 10 12 1 10 12 1 1 10 12 1 10 12 1 10 12 1 1 10 12 1 10 12 1 10 12 1 10 12 1 10 12 1 10 12 1 10 12 1 10 12 1 10 12 1 10 12 1 10 12 1 10 12 1 10 12 1 10 12 1 10 12 1 10 12 1 10 12 1 10 12 1 10 12 1 10 12 1 10 12 1 10 12 1 10 12 1 100 1 10 100 1 10 9 12 1 5 0 10 12 1 1 5 0 10 12 1 5 0 10 12 1 10 12 1 10 12 1 1 10 12 1 1 10 12 1 10 12 1 10 12 1 10 12 1 1 10 12 1 10 12 1 10 12 1 10 12 1 10 12 1 1 10 12 1 10 12 1 10 12 1 10 12 1 1 10 12 1 10 12 1 10 12 1 1 10 12 1 10 12 1 10 12 1 10 12 1 1 10 12 1 10 10 12 1 1 10 12 1 10 12 1 1 10 12 1 10 12 5 0 5 0 5 0 10 12 1 1 10 12 1 10 12 1 10 12 10 100 12 1 1 8 1 100 1 11 12 1 1 8 1 11 12 1 1 10 100 12 1 1 10 12 1 10 7 1 10 12 1 1 9 12 1 1 7 1 9 12 1 7 1 9 12 1 7 1 9 12 1 7 1 9 12 1 7 1 9 12 1 7 1 9 12 1 7 1 9 12 1 7 1 9 12 1 10 12 1 9 12 1 9 12 1 9 12 1 9 12 1 9 12 1 9 12 1 9 12 1 9 12 1 9 12 1 9 12 1 1 1 5 0 1 1 1 1 1 1 1 1 1 1 1 1 1 1 1 1 1 1 1 1 1 1 1 1 1 1 1 1 1 1 1 1 1 1 1 1 1 1 1 1 1 1 1 1 1 1 1 1 1 1 1 1 1 1 1 1 1 1 1 1 1 1 1 1 1 1 1 1 1 1 1 1 1 1 1 1 1 1 1 1 1 1 1 1 1 1 1 1 1 1 100 1 1 1 1 1 1 1 1 1 1 1 1 1 1 1 1 1 1 1 1 1 1 1 1 1 1 1 1 1 1 1 1 1 1 1 1 1 1 1 1 1 1 1 1 1 1 1 1 1 1 1 1 1 1 1 1 1 1 1 1 1 1 1 1 1 1 1 1 1 1 1 1 1 1 1 1 1 1 1 1 1 1 1 1 1 1 1 1 1 1 1 1 1 1 1 1 1 1 1 1 1 1 1 1 1 1 1 1 1 1 1 1 1 1 1 1 1 1 1 1 1 1 1 1 1 1 1 1 1 1 1 1 1 1 1 1 1 1 1 1 1 1 1 1 1 1 1 1 1 1 1 1 1 1 1 1 1 1 1 1 1 1 1 1 1 1 1 1 1 1 1 1 1 1 1 1 1 1 1 1 1 1 1 1 1 1 1 1 1 1 1 1 1 1 1 1 1 1 1 1 1 1 1 1 1 1 1 1 1 1 1 1 1
staticfield jdk/internal/misc/Unsafe theUnsafe Ljdk/internal/misc/Unsafe; jdk/internal/misc/Unsafe
staticfield jdk/internal/misc/Unsafe ARRAY_BOOLEAN_BASE_OFFSET J 16
staticfield jdk/internal/misc/Unsafe ARRAY_BYTE_BASE_OFFSET J 16
staticfield jdk/internal/misc/Unsafe ARRAY_SHORT_BASE_OFFSET J 16
staticfield jdk/internal/misc/Unsafe ARRAY_CHAR_BASE_OFFSET J 16
staticfield jdk/internal/misc/Unsafe ARRAY_INT_BASE_OFFSET J 16
staticfield jdk/internal/misc/Unsafe ARRAY_LONG_BASE_OFFSET J 16
staticfield jdk/internal/misc/Unsafe ARRAY_FLOAT_BASE_OFFSET J 16
staticfield jdk/internal/misc/Unsafe ARRAY_DOUBLE_BASE_OFFSET J 16
staticfield jdk/internal/misc/Unsafe ARRAY_OBJECT_BASE_OFFSET J 16
staticfield jdk/internal/misc/Unsafe ARRAY_BOOLEAN_INDEX_SCALE I 1
staticfield jdk/internal/misc/Unsafe ARRAY_BYTE_INDEX_SCALE I 1
staticfield jdk/internal/misc/Unsafe ARRAY_SHORT_INDEX_SCALE I 2
staticfield jdk/internal/misc/Unsafe ARRAY_CHAR_INDEX_SCALE I 2
staticfield jdk/internal/misc/Unsafe ARRAY_INT_INDEX_SCALE I 4
staticfield jdk/internal/misc/Unsafe ARRAY_LONG_INDEX_SCALE I 8
staticfield jdk/internal/misc/Unsafe ARRAY_FLOAT_INDEX_SCALE I 4
staticfield jdk/internal/misc/Unsafe ARRAY_DOUBLE_INDEX_SCALE I 8
staticfield jdk/internal/misc/Unsafe ARRAY_OBJECT_INDEX_SCALE I 4
staticfield jdk/internal/misc/Unsafe ADDRESS_SIZE I 8
ciMethod java/lang/StringUTF16 checkIndex (I[B)V 2 0 5 0 -1
ciMethod java/lang/StringUTF16 hashCode ([B)I 0 0 1 0 -1
ciMethod java/lang/StringUTF16 getChar ([BI)C 768 0 11553 0 -1
ciMethod java/lang/StringUTF16 charAt ([BI)C 2 0 5 0 0
ciInstanceKlass java/lang/Thread$FieldHolder 1 1 55 10 7 12 1 1 1 9 7 12 1 1 1 9 12 1 1 9 12 1 1 9 12 1 1 9 12 1 1 1 1 1 1 1 1 1 1 1 1 100 1 100 1 1 1 1 100 1 1 1 100 1 100 1 1
ciInstanceKlass java/lang/Thread$Constants 0 0 47 100 1 10 100 12 1 1 1 10 12 1 1 10 12 1 1 10 100 12 1 1 8 1 10 12 1 9 100 12 1 1 1 1 1 1 1 1 1 1 1 1 1 1 1 1 1
ciInstanceKlass java/lang/ThreadGroup 1 1 380 10 7 12 1 1 1 9 7 12 1 1 1 8 1 9 12 1 1 100 1 9 12 1 1 9 12 1 1 10 7 12 1 1 1 10 12 1 1 10 12 1 10 12 1 1 10 12 1 1 10 12 1 10 12 1 10 12 1 10 100 12 1 1 1 10 12 1 1 18 12 1 1 11 100 12 1 1 1 10 12 1 1 10 12 1 1 10 12 1 1 10 100 12 1 1 1 10 12 1 11 12 1 1 11 100 12 1 1 11 12 1 1 10 12 1 1 10 12 1 10 12 1 11 12 1 11 12 1 1 10 12 1 100 1 10 18 12 1 1 11 100 12 1 1 1 11 12 1 1 9 100 12 1 1 1 10 12 1 1 8 1 10 100 12 1 1 1 10 100 12 1 1 1 10 12 1 1 11 12 10 12 1 1 10 12 1 1 11 100 1 9 12 1 100 1 10 8 1 10 12 1 1 10 12 1 1 8 1 10 12 1 10 100 12 1 1 1 10 12 1 1 10 7 1 8 1 10 8 1 10 12 1 10 12 1 8 1 9 12 1 1 9 12 1 10 100 12 1 1 1 100 9 12 1 1 7 1 9 12 1 10 12 10 12 1 1 100 10 12 9 12 1 10 12 1 100 1 10 100 1 10 10 12 1 10 12 1 1 1 1 1 1 1 1 1 1 1 1 1 1 1 1 3 1 1 1 1 1 1 1 1 1 1 1 100 1 1 1 1 1 1 1 1 1 1 1 1 1 1 1 1 1 1 1 1 1 1 1 1 1 1 1 1 1 1 1 1 1 1 1 1 1 1 1 1 16 15 10 12 16 16 15 10 12 16 15 10 100 12 1 1 1 1 1 100 1 100 1 1
staticfield java/lang/ThreadGroup $assertionsDisabled Z 1
ciInstanceKlass java/lang/Thread$UncaughtExceptionHandler 1 0 16 100 1 100 1 1 1 1 1 1 1 1 100 1 1 1
instanceKlass java/lang/ThreadBuilders$BoundVirtualThread
instanceKlass java/lang/VirtualThread
ciInstanceKlass java/lang/BaseVirtualThread 0 0 36 10 100 12 1 1 1 100 1 1 1 1 1 1 1 1 1 1 1 1 1 1 1 1 1 1 1 1 100 1 100 1 1 100 1 1
ciInstanceKlass java/lang/VirtualThread 0 0 928 9 100 12 1 1 1 9 12 1 1 10 100 12 1 1 1 10 100 12 1 1 1 10 100 12 1 1 1 9 12 1 1 100 1 10 12 1 9 12 1 1 18 12 1 1 9 12 1 1 10 12 1 1 100 1 10 12 1 10 12 1 1 10 12 1 1 10 12 1 10 12 1 1 9 12 1 1 10 12 1 10 100 12 1 10 12 1 10 12 1 10 12 1 10 12 1 9 12 1 1 11 100 12 1 1 1 10 10 12 1 11 100 12 1 1 1 10 12 1 100 1 10 12 1 1 100 1 9 12 1 1 5 0 10 100 12 1 1 1 9 12 1 100 1 100 1 10 10 100 12 1 1 1 10 100 12 1 1 1 10 12 1 1 10 12 1 10 12 1 1 10 12 1 10 12 10 12 1 100 1 10 10 12 1 10 12 1 1 9 12 1 1 10 12 1 1 9 12 1 1 10 12 1 9 12 1 10 100 12 1 1 10 9 10 10 12 1 1 10 12 1 1 10 100 12 1 1 10 100 1 10 9 10 100 1 10 12 1 1 10 12 1 10 10 12 1 1 9 12 1 10 12 1 10 12 1 9 12 1 1 10 12 1 10 12 1 10 12 1 1 9 12 1 1 10 12 1 10 12 1 1 10 12 1 10 12 1 1 9 12 1 18 9 100 12 1 1 1 10 12 1 1 9 12 1 10 12 1 10 12 1 1 10 12 1 9 12 1 1 18 12 1 9 12 1 9 12 1 10 12 9 12 1 1 10 100 12 1 1 10 12 1 10 12 1 1 10 100 12 1 1 10 12 1 100 1 8 1 10 12 1 10 12 1 1 10 12 1 10 12 1 10 12 1 10 100 12 1 1 10 12 1 10 12 1 10 12 1 10 12 1 10 100 12 1 1 8 1 10 12 1 10 12 1 10 12 1 10 12 1 1 10 12 1 10 12 10 12 1 100 1 10 10 12 1 10 12 1 1 10 12 1 1 10 12 1 10 12 1 10 12 1 1 10 12 1 1 11 100 12 1 1 11 12 1 10 12 9 100 12 1 1 1 9 12 1 10 12 1 1 9 12 1 9 12 1 9 12 1 9 12 1 100 1 10 10 12 1 1 10 12 1 100 1 100 1 10 8 1 10 12 1 1 10 12 1 10 12 1 10 10 12 1 8 1 10 10 12 1 10 12 1 10 100 12 1 1 8 1 8 1 10 12 1 1 10 10 9 100 12 1 1 1 10 12 1 1 10 12 1 10 10 12 9 12 1 10 12 1 1 10 12 1 9 12 1 10 12 1 1 9 12 1 10 12 1 1 9 12 1 10 12 1 1 18 12 1 1 8 1 10 12 1 1 8 1 8 1 10 100 12 1 1 1 10 100 12 1 1 1 10 12 1 10 12 1 1 10 12 1 18 12 1 1 18 12 1 1 5 0 9 12 1 10 12 1 10 12 1 10 100 1 10 12 1 1 9 12 1 9 12 1 1 10 12 1 1 10 12 1 10 12 10 12 1 1 10 100 12 1 1 10 12 1 1 100 1 8 1 10 10 12 1 8 10 12 1 1 8 8 9 12 1 8 8 10 12 1 10 12 1 1 8 1 18 12 1 10 100 12 1 1 10 12 1 10 12 1 3 1 3 1 3 1 3 1 3 1 3 1 3 1 3 1 3 1 3 1 3 1 3 1 3 3 1 3 3 1 3 3 1 3 3 1 3 1 1 1 1 1 1 1 1 1 1 1 1 1 1 1 1 1 100 1 1 1 1 1 1 1 1 1 1 1 1 1 1 1 1 1 1 1 1 100 1 1 1 1 1 1 1 1 1 1 1 1 1 1 1 1 1 1 1 1 1 1 1 1 1 1 1 1 1 1 1 1 1 100 1 1 1 1 1 1 1 1 1 1 1 1 1 1 1 1 1 1 1 1 1 1 1 1 1 1 1 100 1 1 1 1 1 1 1 1 1 1 1 1 1 1 1 1 1 1 1 1 1 1 100 1 1 16 15 10 12 15 10 12 15 10 12 16 15 10 12 16 15 10 12 16 15 10 12 16 15 10 12 15 10 100 12 1 1 1 1 1 1 1 100 1 1 1 100 1 100 1 1
ciInstanceKlass java/lang/ThreadBuilders$BoundVirtualThread 0 0 132 10 100 12 1 1 1 9 100 12 1 1 1 10 100 12 1 1 1 9 12 1 1 10 12 1 1 10 12 1 1 9 12 1 1 10 100 12 1 1 1 10 12 1 1 100 1 8 1 10 12 1 10 12 1 1 10 12 1 1 10 12 1 1 10 100 12 1 1 1 8 1 10 12 1 8 1 10 12 1 1 10 100 12 1 1 9 100 12 1 1 1 10 12 1 1 10 10 12 1 1 1 1 1 1 1 1 1 1 1 1 1 1 1 1 1 1 1 1 1 1 1 1 1 1 1 1 100 1 1 1 1
instanceKlass java/lang/Exception
instanceKlass java/lang/Error
ciInstanceKlass java/lang/Throwable 1 1 403 10 7 12 1 1 1 9 7 12 1 1 1 9 12 1 1 9 12 1 9 12 1 1 9 12 1 10 12 1 1 9 12 1 1 10 12 1 1 10 100 12 1 1 1 9 12 1 1 10 12 1 1 10 12 1 100 1 100 1 10 8 1 10 12 1 1 8 1 10 100 12 1 1 10 10 12 1 100 1 8 1 10 10 7 12 1 1 10 12 1 8 1 9 100 12 1 1 1 10 12 1 1 100 1 10 12 10 12 1 100 1 10 10 7 12 1 1 1 11 100 12 1 1 1 10 100 12 1 1 1 10 12 1 1 10 12 1 1 8 1 10 12 1 10 12 1 1 8 1 8 1 10 12 1 1 10 12 1 8 1 8 1 9 12 1 10 100 12 1 1 100 1 10 11 12 1 8 1 8 1 10 7 12 1 1 8 1 10 12 1 8 1 100 1 10 12 1 9 12 1 1 10 12 1 10 7 12 1 9 12 1 1 10 12 1 1 100 1 8 1 10 12 1 10 100 12 1 1 10 12 1 1 100 1 10 100 12 1 1 1 10 12 1 11 100 12 1 1 1 11 100 12 1 1 1 11 12 1 8 1 10 12 1 1 8 1 10 10 9 100 12 1 1 1 8 1 10 12 1 1 11 10 100 1 8 1 10 11 12 1 1 8 1 9 12 1 10 100 12 1 1 11 9 12 1 1 11 12 1 1 100 10 12 1 10 12 1 1 100 1 1 1 1 5 0 1 1 1 1 1 1 1 1 1 1 1 1 100 1 1 1 1 1 1 1 1 1 1 1 1 1 1 1 1 1 1 1 1 1 1 1 1 1 1 1 1 1 1 1 1 1 1 1 1 1 1 1 1 1 1 1 100 1 100 1 1 1 1 1 1 1 1 1 1 1 1 1 1 1 1 1 1
staticfield java/lang/Throwable UNASSIGNED_STACK [Ljava/lang/StackTraceElement; 0 [Ljava/lang/StackTraceElement;
staticfield java/lang/Throwable SUPPRESSED_SENTINEL Ljava/util/List; java/util/Collections$EmptyList
staticfield java/lang/Throwable EMPTY_THROWABLE_ARRAY [Ljava/lang/Throwable; 0 [Ljava/lang/Throwable;
staticfield java/lang/Throwable $assertionsDisabled Z 1
ciInstanceKlass jdk/internal/vm/ContinuationScope 0 0 50 10 100 12 1 1 1 10 100 12 1 1 1 100 1 9 100 12 1 1 1 10 12 1 1 10 100 12 1 1 1 10 12 1 1 10 12 1 1 1 1 1 1 1 1 1 1 1 1 1
ciInstanceKlass jdk/internal/vm/StackChunk 1 1 32 10 100 12 1 1 1 9 100 12 1 1 1 9 12 1 1 9 12 1 1 1 1 1 1 1 1 1 1 1 1 1
ciInstanceKlass java/lang/Boolean 1 1 146 10 7 12 1 1 1 9 7 12 1 1 1 10 12 1 1 10 12 1 8 1 10 7 12 1 1 9 12 1 1 9 12 1 10 12 1 1 10 12 1 1 10 12 1 1 10 12 1 10 7 12 1 1 1 10 12 1 1 9 100 12 1 1 9 12 10 100 12 1 1 1 10 12 1 1 8 1 10 7 12 1 1 1 9 12 1 1 100 1 100 1 100 1 1 1 1 1 1 5 0 1 1 1 1 1 1 1 1 1 1 1 1 1 1 1 1 1 1 1 1 1 1 1 1 1 1 1 1 1 1 1 1 1 1 1 100 1 1 1 1 1 1 1 1 1
staticfield java/lang/Boolean TRUE Ljava/lang/Boolean; java/lang/Boolean
staticfield java/lang/Boolean FALSE Ljava/lang/Boolean; java/lang/Boolean
staticfield java/lang/Boolean TYPE Ljava/lang/Class; java/lang/Class
ciInstanceKlass java/lang/Character 1 1 603 7 1 100 1 100 1 9 12 1 1 8 1 9 12 1 1 100 1 9 12 1 1 10 100 12 1 1 1 10 100 12 1 1 1 10 100 12 1 1 1 10 7 12 1 1 1 9 7 12 1 1 1 10 12 1 10 12 1 1 10 12 1 1 10 7 12 1 1 10 12 1 1 3 3 3 3 3 10 12 1 1 10 12 1 3 11 7 12 1 1 1 11 12 1 1 10 12 1 1 10 12 1 1 100 1 10 10 12 1 3 10 12 1 1 10 12 1 10 12 1 1 100 1 8 1 10 12 1 1 10 12 1 10 12 1 10 12 1 10 100 12 1 1 1 10 12 1 10 12 1 10 12 1 1 10 12 1 10 7 12 1 1 10 10 12 1 10 10 12 1 10 12 1 1 10 12 1 10 10 12 1 10 12 1 10 12 1 10 12 1 10 12 1 10 12 1 10 12 1 10 12 10 10 12 10 10 12 1 10 10 12 1 10 10 12 1 10 10 12 1 10 12 1 10 12 1 10 12 1 10 12 1 10 12 1 10 12 1 10 10 12 1 10 10 12 1 10 10 12 1 1 10 10 12 1 10 5 0 10 12 1 10 12 1 10 10 12 1 10 10 12 1 1 10 10 12 1 10 10 12 1 9 12 1 1 100 1 10 10 12 1 10 12 1 1 3 10 100 12 1 1 1 10 12 1 10 100 12 1 1 100 1 10 10 12 1 1 10 12 1 1 10 12 1 1 8 1 10 12 1 9 100 12 1 1 1 10 12 1 10 10 12 1 10 12 1 1 10 12 1 10 10 12 1 1 10 10 12 1 1 100 1 8 1 10 12 1 1 10 7 12 1 1 1 8 1 10 12 1 1 9 12 1 1 100 1 100 1 100 1 1 1 1 3 1 3 1 3 1 3 1 1 1 1 1 3 1 1 3 1 3 1 3 1 3 1 3 1 3 1 3 1 3 1 3 1 3 1 3 1 3 1 3 1 3 1 3 1 3 1 3 1 3 1 3 1 3 1 3 1 3 1 3 1 3 1 3 1 3 1 3 1 3 1 1 1 1 1 1 1 1 1 1 1 1 1 1 1 1 1 1 1 3 1 1 1 1 1 1 1 3 1 1 3 1 1 1 1 1 3 1 1 5 0 1 1 1 1 1 1 1 1 1 1 1 1 1 1 1 1 1 1 1 1 1 1 1 1 1 1 1 1 1 1 1 1 1 1 1 1 1 1 1 1 1 1 1 1 1 1 1 1 1 1 1 1 1 1 1 1 1 1 1 1 1 1 1 1 1 1 1 1 1 1 1 1 1 1 1 1 1 1 1 1 1 1 1 1 1 1 1 1 1 100 1 100 1 1 1 1 1 1
staticfield java/lang/Character TYPE Ljava/lang/Class; java/lang/Class
staticfield java/lang/Character $assertionsDisabled Z 1
ciInstanceKlass java/lang/Float 1 1 277 7 1 100 1 10 100 12 1 1 1 10 100 12 1 1 1 4 100 1 10 12 1 1 10 12 1 1 8 1 8 1 10 100 12 1 1 1 10 12 1 1 10 12 1 1 10 100 1 4 10 7 12 1 1 9 12 1 1 10 12 1 1 10 12 1 10 10 12 1 1 10 12 1 10 12 1 3 3 100 1 4 4 4 3 10 12 1 1 9 12 1 1 100 1 10 3 3 4 4 10 12 1 3 3 3 10 12 1 1 10 12 1 1 10 12 1 10 100 12 1 1 1 10 12 1 1 10 12 1 1 10 7 12 1 1 1 8 1 10 12 1 1 9 12 1 1 100 1 100 1 100 1 1 1 1 4 1 4 1 1 1 4 1 1 3 1 3 1 3 1 3 1 3 1 1 1 1 5 0 1 1 1 1 1 1 1 1 1 1 100 1 1 1 1 1 1 1 1 1 1 1 1 1 1 1 1 1 1 1 1 1 1 1 1 1 1 1 1 1 1 1 1 1 1 1 1 1 1 1 1 1 1 1 1 1 1 1 1 1 1 1 1 1 1 1 1 1 1 1 1 1 1 1 1 1 1 1 1 1 1 1 1 1 100 1 1 1 1 1 1 1 100 1 100 1 1
staticfield java/lang/Float TYPE Ljava/lang/Class; java/lang/Class
staticfield java/lang/Float $assertionsDisabled Z 1
instanceKlass java/util/concurrent/atomic/AtomicLong
instanceKlass java/util/concurrent/atomic/AtomicInteger
instanceKlass java/lang/Long
instanceKlass java/lang/Integer
instanceKlass java/lang/Short
instanceKlass java/lang/Byte
instanceKlass java/lang/Double
instanceKlass java/lang/Float
ciInstanceKlass java/lang/Number 1 1 37 10 7 12 1 1 1 10 100 12 1 1 1 100 1 1 1 1 5 0 1 1 1 1 1 1 1 1 1 1 1 1 1 1 1 1 1
ciMethod java/lang/Number <init> ()V 822 0 5487 0 0
ciInstanceKlass java/lang/Double 1 1 288 7 1 100 1 10 100 12 1 1 1 10 12 1 1 10 100 1 10 12 1 1 10 100 12 1 1 1 6 0 8 1 10 12 1 1 8 1 10 12 1 1 8 1 6 0 10 12 1 1 100 1 5 0 5 0 8 1 8 1 10 100 12 1 1 1 10 100 12 1 1 1 8 1 10 12 1 1 8 1 8 1 8 1 10 12 1 1 10 12 1 10 12 1 1 10 12 1 10 12 1 10 12 1 1 10 12 1 10 100 1 6 0 10 7 12 1 1 9 12 1 1 10 12 1 10 12 1 10 12 1 10 12 1 10 12 1 5 0 10 12 1 1 10 12 1 10 12 1 10 100 12 1 1 1 10 12 1 1 10 12 1 1 8 1 10 7 12 1 1 1 9 12 1 1 100 1 100 1 100 1 1 1 6 0 1 6 0 1 6 0 1 1 1 6 0 1 1 3 1 3 1 3 1 3 1 3 1 1 1 1 5 0 1 1 1 1 1 1 1 1 1 1 1 1 1 1 1 1 100 1 1 1 1 1 1 1 1 1 1 1 1 1 1 1 1 1 1 1 1 1 1 1 1 1 1 1 1 1 1 1 1 1 1 1 1 1 1 1 1 1 1 1 1 1 100 1 1 1 1 1 1 1 100 1 100 1 1
staticfield java/lang/Double TYPE Ljava/lang/Class; java/lang/Class
ciInstanceKlass java/lang/Byte 1 1 212 7 1 100 1 10 100 12 1 1 1 9 12 1 1 8 1 9 12 1 1 100 1 10 12 1 1 10 12 1 1 10 100 12 1 1 1 10 100 12 1 1 1 9 100 12 1 1 1 10 12 1 1 100 1 100 1 10 12 1 1 8 1 10 12 1 1 8 1 10 12 1 10 12 1 10 12 1 10 12 1 1 10 12 1 10 12 1 10 12 1 1 10 8 1 8 1 10 7 1 9 12 1 1 10 12 1 1 10 12 1 1 10 12 1 1 10 12 1 5 0 10 12 1 1 8 1 10 7 12 1 1 1 9 12 1 1 100 1 100 1 1 1 3 1 3 1 1 1 1 3 1 3 1 1 5 0 1 1 1 1 1 1 1 1 1 1 1 1 1 1 1 1 1 1 1 1 1 1 1 1 1 1 1 1 1 1 1 1 1 1 1 1 1 1 1 1 1 1 1 1 1 1 1 1 1 1 1 1 1 1 1
staticfield java/lang/Byte TYPE Ljava/lang/Class; java/lang/Class
ciMethod java/lang/Byte toUnsignedInt (B)I 1024 0 51689 0 80
ciInstanceKlass java/lang/Short 1 1 220 7 1 100 1 100 1 10 100 12 1 1 1 10 12 1 1 100 1 100 1 10 12 1 1 8 1 10 12 1 1 8 1 10 12 1 10 12 1 10 12 1 10 12 1 1 10 12 1 1 10 12 1 9 12 1 1 8 1 9 12 1 1 100 1 10 12 1 1 10 12 1 10 100 12 1 1 1 10 100 12 1 1 1 9 100 12 1 1 1 10 12 1 10 12 1 1 10 8 1 8 1 10 7 1 9 12 1 1 10 12 1 1 10 12 1 1 10 12 1 1 10 12 1 3 3 5 0 10 12 1 1 8 1 10 7 12 1 1 1 9 12 1 1 100 1 100 1 1 1 3 1 3 1 1 1 1 3 1 3 1 1 5 0 1 1 1 1 1 1 1 1 1 1 1 1 1 1 1 1 1 1 1 1 1 1 1 1 1 1 1 1 1 1 1 1 1 1 1 1 1 1 1 1 1 1 1 1 1 1 1 1 1 1 1 1 1 1 1 1
staticfield java/lang/Short TYPE Ljava/lang/Class; java/lang/Class
ciInstanceKlass java/lang/Integer 1 1 436 7 1 100 1 7 1 7 1 10 12 1 1 9 12 1 1 9 12 1 1 10 100 12 1 1 1 10 12 1 1 10 100 12 1 1 1 10 10 12 1 1 10 100 12 1 1 1 10 12 1 10 12 1 1 10 7 12 1 1 1 10 12 1 1 10 12 1 1 10 12 1 10 7 12 1 1 10 12 1 1 10 12 1 10 12 1 100 1 8 1 10 12 1 8 1 100 1 10 12 1 1 10 12 1 1 8 1 10 12 1 1 8 1 10 12 1 1 10 12 1 1 10 12 1 1 3 3 10 7 12 1 1 1 11 7 1 10 12 1 1 11 10 12 1 1 10 12 1 1 8 1 10 12 1 10 12 1 8 1 100 1 10 12 1 8 1 10 12 1 1 10 12 1 8 1 10 12 1 10 12 1 7 1 9 12 1 1 9 12 1 1 10 12 1 10 7 1 9 12 1 10 12 1 10 12 1 10 12 1 1 10 12 1 1 10 7 12 1 1 1 10 12 1 1 8 1 8 1 10 12 1 1 8 1 8 1 8 1 8 1 8 1 8 1 10 12 1 10 12 1 10 12 1 5 0 3 3 3 3 10 12 1 10 12 1 3 10 12 1 10 100 12 1 1 1 10 12 1 1 10 12 1 1 8 1 10 7 12 1 1 1 9 12 1 1 100 1 100 1 100 1 1 1 1 3 1 1 1 1 1 3 1 3 1 1 5 0 1 1 1 1 1 1 1 1 1 100 1 1 1 1 1 1 1 1 1 1 1 1 1 1 1 1 1 1 1 1 1 1 1 1 1 1 1 1 1 1 1 1 1 1 1 1 1 1 1 1 1 1 1 1 1 1 1 1 1 1 1 1 1 1 1 1 1 1 1 1 1 1 1 1 1 1 1 1 1 1 1 1 1 1 1 1 1 1 1 1 1 1 1 1 1 1 1 1 1 1 1 1 1 100 1 1 1 1 1 1 1 1 1 100 1 100 1 1
staticfield java/lang/Integer TYPE Ljava/lang/Class; java/lang/Class
staticfield java/lang/Integer digits [B 36
ciMethod java/lang/Integer equals (Ljava/lang/Object;)Z 4 0 2 0 0
ciMethod java/lang/Integer hashCode ()I 516 0 5308 0 0
ciMethod java/lang/Integer intValue ()I 280 0 140 0 -1
ciMethod java/lang/Integer <init> (I)V 764 0 5320 0 0
ciMethod java/lang/Integer hashCode (I)I 516 0 5314 0 0
ciMethod java/lang/Integer valueOf (I)Ljava/lang/Integer; 784 0 5400 0 0
ciInstanceKlass java/lang/Integer$IntegerCache 1 1 100 10 100 12 1 1 1 7 1 10 7 12 1 1 1 9 7 12 1 1 1 8 1 10 7 12 1 1 1 10 12 1 1 10 100 12 1 1 1 3 10 12 1 100 1 9 12 1 1 10 7 12 1 1 1 9 12 1 1 10 12 1 1 100 1 10 10 12 1 9 12 1 1 1 3 1 1 1 1 1 1 1 1 1 1 1 1 1 1 1 1 1 100 1 100 1 1 1 1 1
staticfield java/lang/Integer$IntegerCache high I 127
staticfield java/lang/Integer$IntegerCache cache [Ljava/lang/Integer; 256 [Ljava/lang/Integer;
staticfield java/lang/Integer$IntegerCache $assertionsDisabled Z 1
ciInstanceKlass java/lang/Long 1 1 498 7 1 100 1 100 1 100 1 10 12 1 1 9 12 1 1 9 7 12 1 1 1 10 100 12 1 1 1 10 12 1 1 10 100 12 1 1 1 10 10 12 10 12 1 10 12 1 10 12 1 5 0 5 0 100 1 10 12 1 1 10 12 1 1 10 12 1 10 12 1 10 12 1 10 12 1 1 10 100 12 1 1 10 12 1 10 12 1 1 10 12 1 1 10 12 1 1 10 12 1 1 10 100 12 1 1 1 10 12 1 1 10 12 1 10 12 1 10 100 12 1 1 10 12 1 1 10 12 1 10 12 1 100 1 8 1 10 12 1 8 1 100 1 10 12 1 10 12 1 1 8 1 10 12 1 1 8 1 10 12 1 1 10 12 1 1 10 12 1 1 5 0 5 0 10 100 12 1 1 1 11 100 1 10 12 1 1 11 10 12 1 1 10 12 1 1 8 1 5 0 10 12 1 1 10 12 1 1 8 1 8 1 10 12 1 8 1 10 12 1 10 12 1 5 0 5 0 9 100 12 1 1 1 10 12 1 10 12 1 1 8 1 8 1 10 12 1 1 8 1 8 1 8 1 8 1 8 1 8 1 10 12 1 10 12 1 10 7 1 9 12 1 1 10 12 1 10 12 1 1 10 12 1 1 10 100 12 1 1 1 10 12 1 1 10 12 1 10 12 1 10 12 1 5 0 5 0 5 0 10 12 1 1 10 12 1 5 0 5 0 10 12 10 12 1 10 100 12 1 1 1 10 12 1 1 10 12 1 1 8 1 10 7 12 1 1 1 9 12 1 1 100 1 100 1 100 1 1 1 1 5 0 1 1 1 1 3 1 3 1 5 0 1 1 1 1 1 1 1 1 1 100 1 1 1 1 1 1 1 1 1 1 1 1 1 1 1 1 1 1 1 1 1 1 1 1 1 1 1 1 1 1 1 1 1 1 1 1 1 1 1 1 1 1 1 1 1 1 1 1 1 1 1 1 1 1 1 1 1 1 1 1 1 1 1 1 1 1 1 1 1 1 1 1 1 1 1 1 1 1 1 1 1 1 1 1 1 1 1 1 1 1 1 1 1 1 1 1 1 1 1 1 100 1 1 1 1 1 1 1 1 1 100 1 100 1 1
staticfield java/lang/Long TYPE Ljava/lang/Class; java/lang/Class
ciMethod java/lang/Long numberOfLeadingZeros (J)I 62 0 108 0 -1
ciInstanceKlass java/lang/Void 1 1 31 10 100 12 1 1 1 8 1 10 7 12 1 1 1 9 7 12 1 1 1 1 1 1 1 1 1 1 1 1 1
staticfield java/lang/Void TYPE Ljava/lang/Class; java/lang/Class
ciInstanceKlass jdk/internal/vm/vector/VectorSupport 0 0 597 100 1 10 100 12 1 1 1 9 12 1 1 10 100 12 1 1 1 100 1 10 12 1 11 100 12 1 1 1 11 100 12 1 1 1 11 100 12 1 1 1 11 100 12 1 1 11 100 12 1 1 11 100 12 1 1 11 100 12 1 1 11 100 12 1 1 11 100 12 1 1 11 100 12 1 1 11 100 12 1 1 1 11 100 12 1 1 11 100 12 1 1 1 11 100 12 1 1 1 11 100 12 1 1 11 100 12 1 1 1 11 100 12 1 1 100 1 10 12 1 1 11 100 12 1 1 11 100 12 1 1 11 100 12 1 1 11 100 1 11 100 12 1 1 11 100 12 1 1 11 100 12 1 1 9 12 1 1 10 100 12 1 1 11 100 12 1 1 10 100 12 1 1 1 10 100 12 1 1 10 12 1 1 10 12 1 1 1 1 1 3 1 3 1 3 1 3 1 3 1 3 1 3 1 3 1 3 1 3 1 3 1 3 1 3 1 3 1 3 1 3 1 3 1 3 1 3 1 3 1 3 1 3 1 3 1 3 1 3 1 3 1 3 1 3 1 3 1 3 1 3 1 3 1 3 1 3 1 3 1 3 1 3 1 3 1 3 1 3 1 3 1 3 1 3 1 3 1 3 1 3 1 3 1 3 1 3 1 3 1 3 1 3 1 3 1 1 1 3 1 3 1 3 1 3 1 3 1 3 1 1 1 1 1 1 1 1 1 1 1 1 1 1 1 1 1 1 1 1 1 1 1 1 1 1 1 1 1 1 1 1 1 1 1 1 1 1 1 1 1 1 1 1 1 1 1 1 1 1 1 1 1 1 1 1 1 1 1 1 1 1 1 1 1 1 1 1 1 1 1 1 1 1 1 1 1 1 1 1 1 1 1 1 1 1 1 1 1 1 1 1 1 1 1 1 1 1 1 1 1 1 1 1 1 1 1 1 1 1 1 1 1 1 1 1 1 1 1 1 1 1 1 1 1 1 1 1 1 1 1 1 1 1 1 1 1 1 1 1 1 1 1 1 1 1 1 1 1 1 1 1 1 1 1 1 1 1 1 1 1 1 1 1 1 1 1 1 1 1 1 1 1 1 1 1 1 1 1 1 1 1 1 1 1 1 1 1 1 1 1 1 1 1 1 1 1 1 1 1 1 1 1 1 1 1 1 1 1 1 1 1 1 1 1 1 1 1 1 1 1 1 1 1 1 1 1 1 1 1 1 1 1 1 1 1 1 1 1 1 1 1 1 1 1 1 1 100 1 100 1 100 1 100 1 100 1 1 1 1 1 1 1 1 1 1 1 1 1 1 1 1 1 1 1 1 1 1 1 1 1 1 1 1 1 1 1
instanceKlass jdk/internal/vm/vector/VectorSupport$VectorShuffle
instanceKlass jdk/internal/vm/vector/VectorSupport$VectorMask
instanceKlass jdk/internal/vm/vector/VectorSupport$Vector
ciInstanceKlass jdk/internal/vm/vector/VectorSupport$VectorPayload 0 0 32 10 100 12 1 1 1 9 100 12 1 1 1 10 100 12 1 1 1 1 1 1 1 1 1 1 1 1 1 1 1 1
ciInstanceKlass jdk/internal/vm/vector/VectorSupport$Vector 0 0 28 10 100 12 1 1 1 100 1 1 1 1 1 1 1 1 1 1 1 1 1 1 1 100 1 1 1 1
ciInstanceKlass jdk/internal/vm/vector/VectorSupport$VectorMask 0 0 28 10 100 12 1 1 1 100 1 1 1 1 1 1 1 1 1 1 1 1 1 1 1 100 1 1 1 1
ciInstanceKlass jdk/internal/vm/vector/VectorSupport$VectorShuffle 0 0 28 10 100 12 1 1 1 100 1 1 1 1 1 1 1 1 1 1 1 1 1 1 1 100 1 1 1 1
ciInstanceKlass jdk/internal/vm/FillerObject 0 0 16 10 100 12 1 1 1 100 1 1 1 1 1 1 1 1
instanceKlass java/lang/ref/PhantomReference
instanceKlass java/lang/ref/FinalReference
instanceKlass java/lang/ref/WeakReference
instanceKlass java/lang/ref/SoftReference
ciInstanceKlass java/lang/ref/Reference 1 1 198 9 7 12 1 1 1 9 7 12 1 1 10 12 1 1 10 12 1 1 9 12 1 1 10 12 1 1 9 12 1 1 9 12 1 1 7 1 10 12 1 10 7 12 1 1 10 12 1 10 12 1 1 10 12 1 7 1 8 1 10 12 1 1 7 1 10 12 1 1 10 12 1 1 10 12 1 7 1 10 12 10 7 12 1 1 1 9 12 1 10 12 1 1 10 12 1 10 12 1 10 12 1 9 12 1 100 1 100 1 10 9 12 1 9 12 1 100 1 10 10 12 1 10 10 7 12 1 1 10 12 1 1 1 1 1 1 1 1 1 1 1 1 1 1 1 1 1 100 1 1 1 100 1 1 1 1 1 1 1 1 1 1 1 1 1 1 1 1 1 1 1 1 1 1 1 1 1 1 1 1 1 1 1 1 1 1 1 1 1 100 1 100 1 100 1 1 1
staticfield java/lang/ref/Reference processPendingLock Ljava/lang/Object; java/lang/Object
staticfield java/lang/ref/Reference $assertionsDisabled Z 1
instanceKlass sun/util/locale/provider/LocaleResources$ResourceReference
instanceKlass sun/util/resources/Bundles$BundleReference
instanceKlass org/eclipse/sisu/inject/MildKeys$Soft
instanceKlass java/lang/invoke/LambdaFormEditor$Transform
instanceKlass jdk/internal/util/SoftReferenceKey
ciInstanceKlass java/lang/ref/SoftReference 1 1 50 10 7 12 1 1 1 9 7 12 1 1 1 9 12 1 10 12 1 10 12 1 1 1 1 1 1 1 1 1 1 1 1 1 1 1 1 1 1 1 1 1 1 100 1 1 1 1 1 1
instanceKlass com/google/common/cache/LocalCache$WeakEntry
instanceKlass java/lang/WeakPairMap$WeakRefPeer
instanceKlass java/util/logging/LogManager$LoggerWeakRef
instanceKlass java/util/logging/Level$KnownLevel
instanceKlass org/eclipse/sisu/inject/MildKeys$Weak
instanceKlass jdk/internal/util/WeakReferenceKey
instanceKlass java/lang/ThreadLocal$ThreadLocalMap$Entry
instanceKlass java/util/WeakHashMap$Entry
ciInstanceKlass java/lang/ref/WeakReference 1 1 34 10 7 12 1 1 1 10 12 1 100 1 1 1 1 1 1 1 1 1 1 1 1 1 1 1 1 1 1 1 1 1 1 1
instanceKlass java/lang/ref/Finalizer
ciInstanceKlass java/lang/ref/FinalReference 1 1 50 10 100 12 1 1 1 10 100 12 1 1 1 10 12 1 1 100 1 8 1 10 12 1 1 1 1 1 1 1 1 1 1 1 1 1 1 1 1 1 1 1 1 1 1 1 1 1 100 1
instanceKlass jdk/internal/ref/PhantomCleanable
instanceKlass jdk/internal/ref/Cleaner
ciInstanceKlass java/lang/ref/PhantomReference 1 1 47 10 7 12 1 1 1 10 12 1 1 10 7 12 1 1 1 1 1 1 1 1 1 1 1 1 1 1 1 1 1 1 1 1 1 1 1 1 1 1 1 1 1 1 1 1 1
ciInstanceKlass java/lang/ref/Finalizer 1 1 177 9 7 12 1 1 1 10 100 12 1 1 1 9 12 1 1 9 12 1 1 9 12 1 9 12 1 9 12 1 1 10 12 1 100 1 8 1 10 12 1 10 12 1 1 9 12 1 100 1 10 12 1 100 1 11 100 12 1 1 10 12 1 100 1 10 12 1 10 7 12 1 1 1 10 12 1 1 10 100 12 1 1 8 1 10 12 1 10 12 1 10 12 1 100 1 10 12 1 10 100 12 1 1 1 100 1 10 10 12 1 1 7 1 10 12 1 10 12 1 1 10 12 1 1 10 7 12 1 1 1 7 1 10 7 1 10 10 12 1 1 1 1 1 1 1 1 1 1 1 1 1 1 1 1 1 1 1 1 1 1 1 1 1 1 100 1 1 1 1 1 1 1 1 1 1 1
staticfield java/lang/ref/Finalizer lock Ljava/lang/Object; java/lang/Object
staticfield java/lang/ref/Finalizer ENABLED Z 1
staticfield java/lang/ref/Finalizer $assertionsDisabled Z 1
instanceKlass java/lang/reflect/Executable
instanceKlass java/lang/reflect/Field
ciInstanceKlass java/lang/reflect/AccessibleObject 1 1 374 10 7 12 1 1 1 10 100 12 1 1 1 10 7 12 1 1 1 10 12 1 1 9 12 1 1 100 1 10 7 12 1 1 1 11 12 1 100 1 10 12 1 7 1 100 1 10 12 1 1 10 12 1 1 10 12 1 1 10 12 1 1 10 12 1 1 7 1 10 100 12 1 1 1 10 12 1 1 11 10 7 12 1 1 1 10 12 1 1 10 12 1 10 12 1 10 12 1 1 10 12 1 8 1 100 1 100 1 10 10 12 1 1 8 1 10 12 1 10 12 1 8 1 8 1 8 1 8 1 8 1 8 1 8 1 8 1 8 1 100 1 10 12 1 10 12 1 9 100 12 1 1 1 10 12 1 1 10 12 1 10 100 1 100 1 8 1 10 8 1 10 12 1 8 1 10 12 1 10 12 1 1 10 100 1 8 1 10 11 7 12 1 1 1 10 12 1 1 10 12 1 1 10 12 1 1 9 12 1 1 100 1 10 12 1 7 1 10 12 1 10 12 1 1 10 100 1 10 12 1 10 12 10 12 1 10 12 1 10 12 1 1 10 12 1 9 12 1 10 100 12 1 1 8 1 10 12 1 1 8 1 10 100 12 1 1 1 9 12 1 100 1 10 7 1 10 10 7 12 1 1 1 10 7 12 1 1 1 9 12 1 1 1 1 1 1 1 1 1 1 1 1 1 1 1 1 1 1 1 1 1 1 1 1 1 1 1 1 1 1 1 1 1 1 1 1 1 1 1 1 1 1 1 1 1 1 1 1 1 1 1 1 1 1 1 1 1 1 1 1 1 1 1 1 1 1 1 1 1 1 1 1 1 1 1 1 1 1 1 1 1 1 1
staticfield java/lang/reflect/AccessibleObject reflectionFactory Ljdk/internal/reflect/ReflectionFactory; jdk/internal/reflect/ReflectionFactory
ciInstanceKlass java/lang/reflect/Method 1 1 468 9 7 12 1 1 1 10 100 12 1 1 1 10 100 12 1 1 9 12 1 1 9 12 1 1 10 12 1 1 10 12 1 1 10 12 1 1 10 100 12 1 1 10 7 12 1 1 1 9 12 1 1 9 12 1 9 12 1 1 9 12 1 9 12 1 9 12 1 1 9 12 1 9 12 1 1 9 12 1 9 12 1 100 1 8 1 10 12 1 10 12 1 9 12 1 1 10 7 12 1 1 1 10 12 1 1 10 12 1 1 10 12 1 10 12 1 1 9 7 12 1 1 1 10 12 1 1 10 12 10 7 12 1 1 10 12 1 1 10 12 1 10 12 1 10 12 1 10 100 12 1 1 1 10 12 1 1 9 12 1 10 7 1 10 100 12 1 1 1 10 7 12 1 1 10 12 1 1 10 12 1 1 10 12 1 10 7 12 1 1 1 10 12 1 10 8 1 10 12 1 10 12 1 7 1 8 1 8 1 8 1 10 12 1 10 12 1 1 10 12 1 1 10 10 12 1 1 10 12 1 11 100 1 10 12 1 9 12 1 1 10 12 1 1 10 12 1 10 12 1 1 10 12 1 1 11 7 12 1 1 1 11 12 1 9 12 1 1 10 12 1 10 12 1 10 12 1 10 12 1 10 12 1 10 12 1 9 12 1 1 10 7 12 1 1 1 10 7 12 1 1 10 12 1 1 10 7 12 1 1 1 10 7 12 1 1 1 10 7 12 1 1 1 11 7 12 1 1 1 10 7 12 1 1 1 7 1 100 1 100 1 10 12 1 10 12 1 1 10 12 1 100 1 8 1 10 12 1 10 10 12 1 1 10 12 1 1 10 12 1 1 10 12 1 1 8 1 10 12 1 1 1 1 1 1 1 1 1 1 1 1 1 1 1 1 1 1 1 1 1 1 1 1 1 1 1 1 1 1 1 1 1 1 1 1 1 1 1 1 1 1 1 1 1 1 1 1 1 1 1 1 1 100 1 100 1 100 1 1 1 1 1 1 1 1 1 1 1 1 1 1 1 1 1 1 1 1 1 1 1 1 1 1 1 1 1 1
ciInstanceKlass java/lang/reflect/Member 1 1 37 100 1 10 12 1 1 100 1 100 1 1 1 1 3 1 3 1 1 1 1 1 1 1 1 1 1 1 1 1 1 1 1 1 1 1 1
instanceKlass java/lang/reflect/Constructor
instanceKlass java/lang/reflect/Method
ciInstanceKlass java/lang/reflect/Executable 1 1 587 10 7 12 1 1 1 10 7 12 1 1 1 10 7 12 1 1 1 11 7 12 1 1 1 10 7 12 1 1 1 10 12 1 1 10 7 12 1 1 1 10 100 12 1 1 1 10 12 1 8 1 10 10 12 1 1 10 12 1 1 10 100 12 1 1 1 18 12 1 1 11 100 12 1 1 1 8 1 8 1 8 1 10 100 12 1 1 1 11 12 1 1 100 1 8 1 8 1 10 12 1 100 1 8 1 10 12 1 8 1 11 100 12 1 1 1 100 1 11 100 12 1 1 1 11 12 1 8 1 18 8 1 10 12 1 10 12 1 1 18 8 1 10 12 1 100 1 10 12 1 10 12 1 11 12 1 10 12 1 1 8 1 8 1 10 12 1 1 10 12 1 1 10 10 12 1 9 12 1 1 9 100 12 1 1 1 10 100 12 1 1 1 10 12 1 10 12 1 1 10 100 12 1 1 10 12 1 10 12 1 10 12 1 10 7 12 1 1 100 1 10 100 12 1 1 1 10 12 1 1 10 100 12 1 1 10 12 1 10 12 1 1 9 100 12 1 1 1 10 100 10 12 1 8 1 10 12 1 10 12 1 3 100 1 8 1 10 12 1 10 12 1 10 10 12 1 10 12 1 1 8 1 8 1 8 1 9 12 1 1 9 12 1 10 12 1 100 1 8 1 10 12 1 10 12 1 10 12 1 1 10 12 1 1 10 12 1 10 12 10 12 1 7 1 10 12 1 10 12 1 1 100 1 10 100 12 1 1 1 7 1 10 7 12 1 1 1 10 12 1 1 11 7 12 1 1 10 12 1 10 100 12 1 1 1 10 12 1 1 9 12 1 10 12 1 1 10 12 1 10 12 1 1 9 7 12 1 1 1 10 7 12 1 1 1 10 12 1 10 12 1 1 9 12 1 10 10 10 10 100 12 1 1 1 10 12 1 9 12 1 10 12 1 1 9 12 1 100 1 100 1 1 1 1 1 1 1 1 1 1 1 1 1 1 1 1 1 1 1 1 1 1 1 1 1 1 1 1 1 1 1 1 1 1 1 1 100 1 1 1 1 1 1 1 1 1 1 1 1 1 1 1 1 1 1 1 100 1 1 1 1 1 1 1 1 1 1 1 1 1 1 1 1 1 1 1 1 1 1 1 1 1 1 1 1 1 1 1 1 1 1 1 1 1 1 1 1 1 1 1 100 1 1 1 1 1 1 1 1 1 1 1 1 1 1 1 1 1 1 1 1 1 1 100 1 1 16 15 16 1 16 1 15 10 12 16 15 10 100 12 1 1 1 1 100 1 1 1 100 1 1 100 1 100 1 1
ciInstanceKlass java/lang/reflect/Constructor 1 1 437 10 100 12 1 1 1 10 100 12 1 1 9 7 12 1 1 1 9 12 1 1 10 12 1 1 10 12 1 1 10 12 1 1 10 100 12 1 1 10 7 12 1 1 1 9 12 1 1 9 12 1 1 9 12 1 9 12 1 1 9 12 1 9 12 1 1 9 12 1 1 9 12 1 100 1 8 1 10 12 1 10 12 1 9 12 1 1 10 7 12 1 1 1 10 12 1 1 10 12 1 1 10 12 1 7 1 100 1 8 1 10 10 12 1 10 12 1 10 12 1 1 9 100 12 1 1 1 10 7 12 1 1 10 12 1 1 10 12 1 10 12 1 1 10 100 12 1 1 1 10 100 12 1 1 10 12 1 1 10 12 1 10 100 12 1 1 1 8 1 10 10 12 1 100 1 8 1 10 12 1 10 12 1 1 10 12 1 1 10 12 1 10 12 1 10 12 1 1 10 12 1 1 9 12 1 1 10 12 1 1 10 12 1 1 10 12 1 1 11 7 12 1 1 1 10 12 1 1 10 12 1 10 12 1 10 12 1 8 1 9 12 1 1 10 7 12 1 1 1 10 7 12 1 1 10 12 1 1 10 12 1 1 10 12 1 1 10 12 1 1 10 12 1 9 100 12 1 1 10 12 1 10 12 1 10 12 1 100 1 8 1 10 10 12 1 1 10 12 1 10 10 12 1 1 10 12 1 1 10 100 12 1 1 1 11 100 12 1 1 1 10 12 1 1 9 100 12 1 1 1 10 100 12 1 1 1 10 12 1 1 1 1 1 1 1 1 1 1 1 1 1 1 1 1 1 1 1 1 1 1 1 1 1 1 1 1 1 1 1 1 1 1 1 1 1 1 1 1 1 1 1 1 1 1 1 1 1 1 1 1 1 1 1 1 100 1 100 1 100 1 100 1 1 1 1 1 1 1 1 1 1 1 1 1 1 1 1 1 1 1 1 1 1 1 1 1 1 1 1 1 1 1 1 100 1 1
ciInstanceKlass java/lang/reflect/Field 1 1 454 9 7 12 1 1 1 10 12 1 1 10 100 12 1 1 1 10 100 12 1 1 9 12 1 1 9 12 1 1 10 12 1 1 10 12 1 1 10 12 1 1 10 100 12 1 1 10 7 12 1 1 1 9 12 1 1 9 12 1 9 12 1 9 12 1 1 9 12 1 1 9 12 1 9 12 1 1 100 1 8 1 10 12 1 10 12 1 9 12 1 1 9 12 1 10 100 12 1 1 10 12 1 1 10 12 1 1 10 12 1 9 12 1 1 10 12 1 1 9 100 12 1 1 1 10 100 12 1 1 1 100 1 10 12 1 1 10 12 1 1 10 12 1 10 12 1 10 7 1 10 100 12 1 1 100 1 10 8 1 10 12 1 1 10 12 1 1 8 1 10 12 10 12 1 8 1 8 1 10 11 100 1 9 12 1 10 12 1 1 10 12 1 1 11 100 12 1 1 1 10 12 1 11 12 1 1 11 12 1 1 11 12 1 1 11 12 1 1 11 12 1 1 11 12 1 1 11 12 1 1 11 12 1 1 11 12 1 1 11 12 1 1 11 12 1 1 11 12 1 1 11 12 1 1 11 12 1 1 11 12 1 1 11 12 1 1 11 12 1 1 10 12 1 10 100 12 1 1 10 12 1 10 12 1 10 12 1 10 12 1 1 10 12 1 1 10 12 1 10 7 12 1 1 10 12 1 1 11 7 1 10 12 1 7 1 10 100 12 1 1 1 10 7 12 1 1 1 9 12 1 10 7 12 1 1 1 11 7 12 1 1 1 10 12 1 1 10 12 1 1 9 7 12 1 1 10 7 12 1 1 1 10 12 1 1 100 1 1 1 1 1 1 1 1 1 1 1 1 1 1 1 1 1 1 1 1 1 1 1 1 1 1 1 1 1 1 1 1 1 1 1 1 1 1 1 100 1 1 1 1 1 1 1 1 1 1 1 1 1 1 1 1 1 1 1 1 1 1 1 1 1 1 1 1 1 1 1 1 100 1 1 1 1 1 1 1 1 100 1 1 100 1 1
ciInstanceKlass java/lang/reflect/Parameter 0 0 256 10 100 12 1 1 1 9 100 12 1 1 1 9 12 1 1 9 12 1 1 9 12 1 10 12 1 1 10 12 1 1 10 100 12 1 1 1 100 1 10 10 12 1 1 11 100 12 1 1 1 10 12 1 10 100 12 1 1 1 10 12 1 1 10 12 1 10 12 1 8 1 8 1 10 100 12 1 1 1 10 12 1 10 12 9 100 12 1 1 1 9 100 12 1 1 1 10 12 1 1 10 12 1 1 10 100 12 1 1 1 10 12 1 8 1 10 12 1 9 12 1 1 10 12 1 1 9 12 1 1 10 12 1 1 10 12 1 1 10 12 1 1 10 12 1 10 10 12 1 10 100 12 1 1 1 10 12 1 1 11 100 12 1 1 10 100 12 1 1 100 1 10 100 12 1 1 1 10 12 1 1 10 12 1 1 10 12 1 1 10 12 1 1 9 12 1 100 1 10 11 12 1 11 12 1 1 100 1 1 1 1 1 1 1 1 1 1 1 1 1 1 1 1 1 1 1 1 1 1 1 1 1 1 1 1 1 1 1 1 1 1 1 1 1 1 1 100 1 1 1 1 1 100 1 1
ciInstanceKlass java/lang/reflect/RecordComponent 0 0 196 10 100 12 1 1 1 9 100 12 1 1 1 9 12 1 1 9 12 1 10 12 1 1 10 12 1 1 10 100 12 1 1 1 10 12 1 1 9 12 1 1 10 12 1 1 10 12 1 1 10 12 1 10 100 12 1 1 10 100 12 1 1 9 12 1 1 10 100 12 1 1 1 11 100 12 1 1 1 10 9 100 12 1 1 1 10 100 12 1 1 1 9 12 1 1 10 100 12 1 1 1 10 12 1 1 11 100 12 1 1 10 100 12 1 1 100 1 9 12 1 9 12 1 1 9 12 1 10 100 12 1 1 1 10 12 1 1 10 12 1 1 100 1 10 10 12 1 10 12 1 1 8 1 10 12 1 10 12 1 9 12 1 100 1 1 1 1 1 1 1 1 1 1 1 1 1 1 1 1 1 1 1 1 1 1 100 1 1 1 1 1 1 100 1 1
ciInstanceKlass java/lang/StringBuffer 0 0 487 10 100 12 1 1 1 10 12 1 10 12 1 10 12 1 1 9 100 12 1 1 1 10 12 1 1 10 12 1 10 12 1 1 9 12 1 1 10 12 1 10 12 1 1 10 12 1 1 10 12 1 10 12 1 1 10 12 1 10 12 1 1 10 12 1 1 10 100 12 1 1 1 10 12 1 1 10 12 1 10 12 1 10 12 1 10 12 1 10 12 1 10 12 1 10 12 1 10 12 1 10 12 1 10 12 1 10 12 1 10 12 1 10 12 1 10 12 1 1 10 12 1 10 12 1 1 10 12 1 1 10 10 12 1 1 10 12 1 10 12 1 10 12 1 10 12 1 10 12 1 10 12 1 10 12 10 12 1 10 12 1 10 12 1 10 12 1 1 10 12 1 10 12 1 10 10 12 1 1 10 12 1 10 12 1 10 12 1 8 1 10 12 1 10 10 100 12 1 1 1 10 10 12 1 1 9 12 1 1 10 100 12 1 1 10 100 1 8 10 100 12 1 1 1 8 10 12 1 8 1 10 12 1 10 12 1 10 100 12 1 1 1 10 100 12 1 1 1 100 1 10 12 100 1 8 1 10 10 12 1 1 10 12 1 1 10 12 1 10 12 1 10 12 1 1 10 12 1 10 12 1 10 12 1 10 12 1 10 12 1 10 12 10 12 1 10 12 1 10 12 1 10 12 1 10 12 1 10 12 1 10 12 1 10 12 1 10 12 1 10 12 1 10 12 10 12 10 12 1 10 12 1 10 12 1 10 12 10 12 1 10 12 1 10 12 1 10 12 1 10 12 1 10 12 1 10 12 1 10 12 1 10 12 1 10 12 1 10 12 1 100 1 10 12 1 9 100 12 1 1 1 9 100 1 9 12 1 1 100 1 100 1 100 1 100 1 1 1 1 5 0 1 1 1 1 1 1 1 1 1 1 1 1 1 1 1 1 1 1 1 1 1 1 1 1 1 1 1 1 1 1 1 1 1 1 1 1 1 1 1 1 1 1 1 1 1 1 1 1 1 1 1 1 1 1 1 1 1 1 1 1 100 1 1 1 1 1 100 1 1 1 1 1 1 1 1 1 1 1 1 1 1 1 1 1 1
instanceKlass java/lang/StringBuilder
instanceKlass java/lang/StringBuffer
ciInstanceKlass java/lang/AbstractStringBuilder 1 1 662 7 1 10 7 12 1 1 1 9 7 12 1 1 1 9 12 1 9 12 1 1 9 12 1 1 10 7 12 1 1 1 10 12 1 1 100 1 3 3 10 12 1 10 12 1 1 10 12 1 1 11 7 1 100 1 100 1 10 8 1 10 12 1 10 12 1 10 12 1 1 10 12 1 10 12 1 9 12 1 10 12 1 9 12 1 1 10 7 12 1 1 1 10 10 12 1 10 12 1 10 12 1 1 9 12 1 100 1 8 1 10 12 1 10 12 1 1 8 1 10 7 12 1 1 1 10 12 1 1 8 1 10 7 12 1 1 1 100 1 8 1 10 100 1 10 12 1 10 12 1 1 10 7 12 1 1 1 10 12 1 1 10 12 1 1 10 12 1 1 10 12 1 1 10 7 12 1 1 1 10 12 1 100 1 10 10 100 12 1 1 1 9 12 1 1 9 12 1 10 12 1 1 10 10 12 1 1 10 12 1 1 10 12 1 1 10 12 1 1 10 12 1 1 10 12 1 1 10 12 1 1 10 12 1 10 10 10 12 1 10 12 1 1 10 8 1 10 12 1 1 10 12 1 10 12 1 10 12 1 10 10 7 12 1 1 1 10 12 1 1 10 12 1 10 12 1 10 12 1 10 12 100 1 9 12 1 1 9 12 1 10 12 1 1 100 1 9 12 1 9 12 10 12 1 10 12 1 1 10 12 1 1 10 12 1 10 12 1 1 10 12 1 10 12 1 1 10 12 1 1 10 10 7 12 1 1 1 10 12 1 10 12 1 10 12 1 1 10 12 1 10 12 1 1 10 12 1 10 12 1 10 12 1 10 12 1 10 12 1 10 12 1 10 12 1 10 12 1 1 10 12 1 10 12 1 10 12 10 12 1 1 18 12 1 1 100 1 10 100 12 1 1 1 18 10 12 1 1 10 12 1 1 10 12 1 10 12 1 10 12 1 1 10 12 1 10 12 1 1 11 12 1 1 10 12 1 10 12 1 1 10 12 1 10 12 1 10 12 1 10 5 0 10 100 1 8 1 10 10 12 1 1 10 100 12 1 1 1 10 12 1 10 12 1 1 100 1 10 12 100 1 10 100 1 10 10 7 12 1 1 100 1 1 1 1 1 1 1 1 1 1 1 100 1 1 1 1 1 1 1 1 1 1 1 1 1 1 1 1 1 1 1 1 1 1 1 1 1 1 1 1 1 1 1 1 1 1 1 1 1 1 1 1 1 1 1 1 1 1 1 1 1 1 1 1 100 1 1 1 1 1 1 1 1 1 1 1 1 1 1 1 1 1 1 1 1 1 1 1 1 1 1 1 1 1 1 1 1 1 1 1 1 1 1 1 1 1 1 1 1 1 1 1 1 1 1 1 1 1 1 1 1 1 1 1 1 1 1 1 100 1 1 1 1 1 1 100 1 1 1 1 1 1 100 1 1 16 1 15 10 12 16 15 10 12 15 10 100 12 1 1 1 1 1 1 1 100 1 100 1 1
staticfield java/lang/AbstractStringBuilder EMPTYVALUE [B 0
staticfield java/lang/AbstractStringBuilder $assertionsDisabled Z 1
ciMethod java/lang/AbstractStringBuilder append (Ljava/lang/String;)Ljava/lang/AbstractStringBuilder; 282 0 5261 0 -1
ciMethod java/lang/AbstractStringBuilder append (I)Ljava/lang/AbstractStringBuilder; 14 0 78 0 -1
ciMethod java/lang/AbstractStringBuilder <init> (I)V 106 0 5018 0 -1
ciInstanceKlass java/lang/StringBuilder 1 1 425 10 7 12 1 1 1 10 12 1 10 12 1 10 12 1 1 10 7 12 1 1 1 10 7 12 1 1 1 10 12 1 10 12 1 10 12 1 10 12 1 10 12 1 10 12 1 10 12 1 10 12 1 10 12 1 10 12 1 10 12 1 10 12 1 10 12 1 10 12 1 1 10 12 1 10 12 1 1 10 12 1 1 10 12 1 10 12 1 10 12 1 10 12 1 10 12 1 10 12 1 10 12 1 10 12 10 12 1 10 12 1 10 12 1 10 12 1 1 10 12 1 10 12 1 10 12 10 12 1 1 10 12 1 10 12 1 10 12 1 1 8 1 10 12 1 10 100 12 1 1 1 9 12 1 1 10 12 1 10 12 1 10 12 1 1 9 12 1 1 10 100 12 1 1 1 10 100 1 10 12 1 1 10 100 12 1 1 10 12 1 10 12 1 1 100 1 100 1 8 1 10 10 12 1 1 10 12 1 10 12 1 10 12 1 1 10 12 1 10 12 1 10 12 1 10 12 1 10 12 1 10 12 10 12 1 10 12 1 10 12 1 10 12 1 10 12 1 10 12 1 10 12 1 10 12 1 10 12 1 1 10 12 1 1 10 12 1 10 12 1 10 12 1 10 12 10 12 10 12 1 10 12 1 10 12 1 10 12 10 12 1 10 12 1 10 12 1 10 12 1 10 12 1 10 12 1 10 12 1 10 12 1 10 12 1 1 10 12 1 10 12 1 1 10 12 1 10 12 1 1 10 12 1 10 12 1 1 10 12 1 10 12 1 10 12 1 10 10 10 12 1 100 1 100 1 100 1 100 1 1 1 1 5 0 1 1 1 1 1 1 1 1 1 1 1 1 1 1 1 1 1 1 1 1 1 1 1 1 1 1 1 1 1 1 1 1 1 1 1 1 1 1 1 1 1 1 1 1 100 1 1 1 100 1 1 1 1 1 1 1 1 1 1 1
ciMethod java/lang/StringBuilder toString ()Ljava/lang/String; 104 0 3949 0 0
ciMethod java/lang/StringBuilder length ()I 208 0 7948 0 -1
ciMethod java/lang/StringBuilder <init> ()V 98 0 4522 0 0
ciMethod java/lang/StringBuilder append (Ljava/lang/String;)Ljava/lang/StringBuilder; 282 0 9731 0 2186
ciMethod java/lang/StringBuilder append (I)Ljava/lang/StringBuilder; 14 0 78 0 0
ciInstanceKlass java/security/CodeSource 1 1 396 10 7 12 1 1 1 9 7 12 1 1 1 9 12 1 1 9 12 1 1 9 12 1 1 10 7 12 1 1 1 9 12 1 1 10 100 12 1 1 10 100 10 100 12 1 1 1 10 12 1 1 10 12 1 1 100 1 10 10 100 12 1 1 1 10 100 12 1 1 1 10 12 1 1 100 1 10 12 1 1 10 12 1 1 10 12 1 1 10 12 1 10 10 100 1 10 12 1 1 10 100 12 1 1 1 10 12 1 1 10 12 1 10 12 1 8 1 10 12 1 10 12 1 10 12 1 1 10 12 1 8 1 10 12 1 1 10 100 1 10 10 12 1 1 8 1 10 12 1 10 12 1 10 12 1 8 1 8 1 9 12 1 1 100 1 8 1 10 12 1 10 12 1 1 8 1 10 12 1 8 1 8 1 8 1 10 100 12 1 1 10 12 1 1 10 12 1 10 12 1 1 10 12 1 1 10 12 1 1 100 1 100 1 10 12 1 10 12 10 12 1 1 10 100 12 1 1 10 12 1 100 1 10 12 10 100 12 1 1 1 10 8 1 10 12 1 10 12 1 1 100 1 10 12 1 1 100 1 100 1 8 1 8 1 10 10 12 1 1 10 100 12 1 1 1 100 1 10 12 10 12 1 1 11 100 12 1 1 10 10 12 1 11 10 12 1 8 1 100 1 10 12 1 10 12 1 1 10 12 1 11 12 1 1 100 1 1 1 1 5 0 1 1 1 1 1 1 1 1 1 1 1 1 1 1 1 1 1 1 1 1 1 1 1 1 1 1 1 1 1 1 1 1 1 1 1 1 1 1 1 1 1 1 1 1 1 1 1 1 1 1 1 1 1 1 1 1 1 1 1 1 1 1 1 1 1 1 100 1 1 1 1 1 1 1
ciInstanceKlass java/security/ProtectionDomain 1 1 141 10 7 12 1 1 1 9 7 12 1 1 1 9 12 1 1 9 12 1 1 10 7 12 1 1 7 1 9 12 1 9 12 1 1 7 1 9 12 1 1 9 12 1 10 100 12 1 1 10 100 12 1 1 1 10 12 1 1 10 12 1 8 1 100 1 8 1 10 12 1 10 11 12 1 1 10 100 12 1 1 1 10 12 1 1 8 1 11 8 1 10 12 1 8 1 8 1 8 1 10 12 1 8 1 8 1 1 1 1 1 1 1 1 100 1 1 100 1 1 1 1 1 1 1 1 1 1 1 1 1 1 1 1 1 1 1 100 1 1 1
instanceKlass java/net/URLClassLoader
instanceKlass jdk/internal/loader/BuiltinClassLoader
ciInstanceKlass java/security/SecureClassLoader 1 1 99 10 7 12 1 1 1 7 1 10 12 1 9 7 12 1 1 1 10 12 1 10 12 1 10 12 1 1 10 12 1 1 10 12 1 7 1 10 7 1 10 12 1 7 1 10 12 1 11 7 12 1 1 1 7 1 11 12 1 10 12 1 1 1 1 1 1 1 1 1 1 1 1 1 1 1 1 1 1 1 1 1 1 1 1 1 1 1 1 1 1 1 1 1 1 1 1 1 1
ciInstanceKlass java/net/URL 1 1 736 10 7 12 1 1 1 10 12 1 10 7 12 1 1 9 12 1 1 9 12 1 10 12 1 1 9 12 1 1 10 7 12 1 1 1 8 1 10 12 1 1 100 1 10 10 12 1 1 8 1 10 12 1 1 9 12 1 100 1 8 1 10 12 1 10 12 1 8 1 9 12 1 10 12 1 1 9 12 1 10 12 1 10 12 1 9 12 1 9 12 1 8 1 9 12 1 10 12 1 1 8 1 9 12 1 1 10 12 1 1 10 7 12 1 1 1 8 1 10 12 1 7 1 10 12 1 10 12 1 10 12 1 10 12 1 1 10 12 1 1 8 1 10 12 1 1 10 12 1 8 1 9 12 1 8 1 10 12 1 10 7 12 1 1 1 100 1 10 12 1 10 12 1 1 10 7 12 1 1 1 100 1 8 1 10 10 12 1 8 1 10 12 1 1 10 12 1 10 12 1 10 12 1 10 12 1 10 12 1 10 12 1 8 1 10 12 1 8 1 10 10 100 1 10 10 12 1 8 1 10 7 12 1 1 1 10 12 1 9 12 1 1 10 12 1 10 100 12 1 1 1 100 1 10 12 1 10 12 1 10 12 1 10 12 1 10 12 1 10 12 10 10 12 1 8 1 100 1 10 100 12 1 1 1 10 12 1 1 10 12 1 10 12 1 1 8 1 9 100 12 1 1 1 10 100 12 1 1 1 10 12 1 10 12 1 10 7 12 1 1 1 10 12 1 1 10 12 1 9 12 1 1 9 12 1 1 100 1 8 1 10 9 12 1 1 10 7 12 1 1 8 1 10 7 12 1 1 8 1 10 12 1 1 10 12 1 8 1 8 1 10 7 12 1 1 1 100 1 10 100 12 1 1 1 10 12 1 10 12 1 9 100 12 1 1 1 10 100 12 1 1 10 12 1 1 10 12 1 8 1 100 1 10 100 12 1 1 1 10 12 1 1 11 100 12 1 1 11 12 1 10 12 1 10 12 1 8 9 100 12 1 1 1 10 12 1 1 10 12 1 10 12 1 1 10 7 12 1 1 11 7 1 10 12 1 10 12 1 9 12 1 10 12 1 1 10 100 12 1 1 10 100 12 1 1 1 8 10 100 12 1 1 100 1 10 8 8 10 12 1 8 8 8 100 1 10 12 1 9 12 1 1 10 12 1 10 12 1 1 10 12 1 10 12 10 12 1 1 10 12 1 1 10 10 10 12 1 10 12 1 10 12 1 10 12 1 10 12 1 10 10 12 1 100 1 8 1 10 10 10 12 1 1 10 12 1 10 12 1 1 8 1 7 1 10 10 7 1 10 12 1 9 7 12 1 1 1 9 12 1 1 7 1 10 10 7 12 1 1 1 100 1 1 1 1 1 5 0 1 1 1 1 1 1 1 1 1 1 1 1 1 1 1 1 1 1 1 1 1 1 1 1 1 1 1 1 1 1 1 1 1 1 1 1 1 1 1 1 1 1 1 1 1 1 100 1 1 1 1 1 1 1 1 1 1 1 1 1 1 1 1 1 1 1 1 1 1 1 1 1 1 1 1 1 1 1 1 1 1 1 1 100 1 1 1 1 1 1 1 1 1 1 1 1 1 1 1 1 1 1 1 1 1 1 1 100 1 1 1 1 1 1 1 1 1 1 1 1 1 1 1 1 1 1 1
staticfield java/net/URL defaultFactory Ljava/net/URLStreamHandlerFactory; java/net/URL$DefaultFactory
staticfield java/net/URL handlers Ljava/util/Hashtable; java/util/Hashtable
staticfield java/net/URL streamHandlerLock Ljava/lang/Object; java/lang/Object
staticfield java/net/URL serialPersistentFields [Ljava/io/ObjectStreamField; 7 [Ljava/io/ObjectStreamField;
ciInstanceKlass java/util/jar/Manifest 1 1 320 10 7 12 1 1 1 7 1 10 9 7 12 1 1 1 7 1 10 9 12 1 1 9 12 1 1 10 12 1 10 12 1 1 10 12 1 1 10 12 1 1 10 12 1 1 11 7 1 11 12 1 1 10 12 1 1 10 100 12 1 1 1 100 1 100 1 10 8 1 10 12 1 1 10 12 1 1 10 12 1 10 12 1 11 100 1 10 12 1 10 12 1 1 11 12 1 1 10 12 1 11 12 1 1 11 100 12 1 1 1 11 100 12 1 1 11 12 1 1 100 1 10 12 1 8 1 11 12 1 100 1 10 12 1 1 11 12 1 10 12 1 10 12 1 10 9 100 12 1 1 1 10 12 1 1 10 100 12 1 10 12 1 10 12 1 9 100 12 1 1 1 8 1 10 12 1 8 1 8 1 7 1 10 12 1 10 12 1 10 12 1 1 100 1 8 1 10 12 1 1 8 1 10 10 12 1 1 8 1 10 12 1 1 10 100 12 1 1 1 10 12 1 10 11 12 1 1 10 12 1 1 10 100 12 1 1 1 10 12 1 1 10 12 1 10 12 1 1 11 10 12 1 11 10 12 1 100 1 1 1 1 1 1 1 1 1 1 1 1 1 1 1 1 1 1 1 1 1 1 1 1 1 1 1 1 1 1 1 1 1 1 1 100 1 1 1 1 1 1 1 1 1 1 1 1 1 1 100 1 1 1 1 1 1 1 1 1 1 1
ciInstanceKlass java/io/ByteArrayInputStream 1 1 135 10 7 12 1 1 1 9 7 12 1 1 1 9 12 1 1 9 12 1 9 12 1 10 100 12 1 1 1 10 7 12 1 1 1 10 7 12 1 1 1 10 100 12 1 1 1 10 12 1 1 10 100 12 1 1 1 100 1 100 1 100 1 3 10 100 1 10 100 12 1 1 1 9 12 1 1 100 1 10 10 7 12 1 1 1 1 1 1 1 1 1 1 1 1 1 1 1 1 1 1 1 1 1 1 1 1 1 1 1 1 1 1 1 1 1 1 1 100 1 100 1 1 1 1 1 1 1 1 1 1 1 1 1 1
staticfield java/io/ByteArrayInputStream $assertionsDisabled Z 1
instanceKlass java/nio/IntBuffer
instanceKlass java/nio/LongBuffer
instanceKlass java/nio/CharBuffer
instanceKlass java/nio/ByteBuffer
ciInstanceKlass java/nio/Buffer 1 1 259 100 1 10 7 12 1 1 1 9 7 12 1 1 1 9 12 1 9 12 1 1 9 12 1 9 12 1 1 10 12 1 1 10 12 1 1 10 12 100 1 100 1 10 8 1 10 12 1 1 10 12 1 8 1 8 1 10 12 1 1 10 12 1 8 1 9 12 1 1 100 1 8 1 10 12 1 8 1 8 1 9 12 10 12 1 8 1 8 1 8 1 10 12 1 8 1 8 1 8 1 100 1 10 100 1 10 100 1 10 9 12 1 1 10 7 12 1 1 1 100 1 10 12 1 1 10 12 1 10 100 12 1 1 10 7 12 1 1 1 10 7 12 1 1 1 9 12 1 1 10 7 12 1 1 1 9 12 1 1 7 1 10 10 12 1 1 7 1 10 10 7 12 1 1 1 1 1 3 1 1 1 1 1 1 1 1 1 1 1 1 1 1 100 1 1 1 1 1 1 1 100 1 1 1 1 1 1 1 1 1 1 1 1 1 1 1 1 1 1 1 1 1 1 1 1 1 1 1 1 1 1 1 1 1 1 1 1 1 1 1 1 1 1 100 1 100 1 100 1 100 1 100 1 100 1 100 1 1
staticfield java/nio/Buffer UNSAFE Ljdk/internal/misc/Unsafe; jdk/internal/misc/Unsafe
staticfield java/nio/Buffer SCOPED_MEMORY_ACCESS Ljdk/internal/misc/ScopedMemoryAccess; jdk/internal/misc/ScopedMemoryAccess
staticfield java/nio/Buffer IOOBE_FORMATTER Ljava/util/function/BiFunction; jdk/internal/util/Preconditions$4
staticfield java/nio/Buffer $assertionsDisabled Z 1
ciInstanceKlass jdk/internal/util/Preconditions 1 1 194 10 100 12 1 1 1 11 100 12 1 1 1 11 100 12 1 1 1 100 1 100 1 10 7 12 1 1 1 10 12 1 8 1 100 1 10 100 12 1 1 1 10 12 1 1 8 1 8 1 10 100 12 1 1 7 1 10 12 1 8 1 10 100 12 1 1 1 8 1 10 12 1 1 10 12 1 1 11 12 1 8 1 8 1 11 12 1 1 8 1 8 1 8 1 10 12 1 1 10 12 1 1 10 12 1 10 12 1 10 12 1 10 12 7 1 10 10 12 1 1 9 12 1 1 7 1 10 9 12 1 7 1 10 9 12 1 1 1 1 1 1 1 1 1 1 1 1 1 1 1 1 1 1 1 1 1 1 1 1 1 1 1 1 1 1 1 1 1 1 1 1 1 1 1 1 1 1 1 1 1 1 1 1 1 1 1 1 1 1 1 1 1 1
staticfield jdk/internal/util/Preconditions SIOOBE_FORMATTER Ljava/util/function/BiFunction; jdk/internal/util/Preconditions$4
staticfield jdk/internal/util/Preconditions AIOOBE_FORMATTER Ljava/util/function/BiFunction; jdk/internal/util/Preconditions$4
staticfield jdk/internal/util/Preconditions IOOBE_FORMATTER Ljava/util/function/BiFunction; jdk/internal/util/Preconditions$4
ciInstanceKlass jdk/internal/util/Preconditions$4 1 1 61 9 7 12 1 1 1 10 7 12 1 1 1 10 100 12 1 1 1 11 100 12 1 1 1 100 1 100 1 100 1 10 12 1 100 1 1 1 1 1 1 1 1 1 1 1 1 1 1 1 1 1 1 1 1 1 12 1 1 1 1
ciInstanceKlass java/util/function/BiFunction 1 1 65 10 100 12 1 1 1 18 12 1 1 11 100 12 1 1 11 100 12 1 100 1 1 1 1 1 1 1 1 1 1 1 1 1 1 1 1 1 1 1 1 1 1 1 1 1 1 1 16 15 11 12 15 10 100 12 1 1 1 1 100 1 100 1 1
ciMethod jdk/internal/util/Preconditions checkIndex (IILjava/util/function/BiFunction;)I 1024 0 7691 0 -1
ciInstanceKlass java/lang/AssertionStatusDirectives 0 0 24 10 100 12 1 1 1 100 1 1 1 1 1 1 1 1 1 1 1 1 1 1 1 1
instanceKlass jdk/internal/classfile/impl/StackCounter$Target
instanceKlass jdk/internal/classfile/impl/StackMapDecoder$StackMapFrameImpl
instanceKlass jdk/internal/classfile/impl/StackMapDecoder$ObjectVerificationTypeInfoImpl
instanceKlass java/lang/reflect/Proxy$ProxyBuilder$ProxyClassContext
instanceKlass java/lang/ClassValue$Version
instanceKlass sun/util/locale/LanguageTag
instanceKlass java/util/stream/Collectors$CollectorImpl
instanceKlass java/lang/invoke/MethodHandles$Lookup$ClassDefiner
instanceKlass jdk/internal/classfile/impl/ClassHierarchyImpl$ClassHierarchyInfoImpl
instanceKlass java/lang/classfile/ClassHierarchyResolver$1Factory
instanceKlass jdk/internal/classfile/impl/RawBytecodeHelper$CodeRange
instanceKlass jdk/internal/classfile/impl/StackMapGenerator$Type
instanceKlass jdk/internal/classfile/impl/Util$1WithCodeMethodHandler
instanceKlass jdk/internal/classfile/impl/DirectCodeBuilder$DeferredLabel
instanceKlass java/lang/invoke/InvokerBytecodeGenerator$ClassData
instanceKlass jdk/internal/classfile/impl/AnnotationImpl
instanceKlass java/security/SecureClassLoader$CodeSourceKey
instanceKlass java/util/zip/ZipFile$EntryPos
instanceKlass sun/nio/fs/WindowsPathParser$Result
instanceKlass jdk/internal/reflect/ReflectionFactory$Config
instanceKlass jdk/internal/foreign/abi/UpcallLinker$CallRegs
instanceKlass jdk/internal/foreign/abi/VMStorage
ciInstanceKlass java/lang/Record 1 1 22 10 7 12 1 1 1 100 1 1 1 1 1 1 1 1 1 1 1 1 1 1
ciInstanceKlass java/util/concurrent/ConcurrentHashMap 1 1 1219 100 1 7 1 10 7 12 1 1 1 10 12 1 1 9 12 1 1 3 10 7 12 1 1 1 3 100 1 10 7 12 1 1 1 100 1 10 100 12 1 1 1 100 1 11 12 1 1 11 12 1 11 12 1 1 9 12 1 1 9 12 1 9 12 1 1 10 7 12 1 1 1 7 1 10 12 1 1 10 12 1 1 10 7 12 1 1 1 4 10 12 1 11 7 12 1 1 10 12 1 10 12 1 1 100 1 10 5 0 10 12 1 9 12 1 10 12 1 1 5 0 10 12 1 10 12 1 9 12 1 1 10 12 1 1 9 12 1 9 12 1 1 10 12 1 1 9 12 1 10 12 1 1 9 12 1 1 10 12 1 1 100 1 10 7 1 10 12 1 10 12 1 1 10 12 1 1 10 12 1 1 10 12 1 10 12 1 1 10 12 1 1 100 1 10 12 1 1 7 1 100 1 8 1 10 12 1 10 12 1 1 10 12 1 1 10 10 12 1 11 12 1 1 11 7 12 1 1 1 11 7 12 1 1 1 11 12 1 7 1 11 12 1 11 12 1 10 12 1 1 10 12 1 1 9 12 1 1 10 100 12 1 1 1 9 10 12 1 1 9 12 1 10 12 1 1 5 0 9 12 1 1 7 1 10 12 1 9 12 1 1 7 1 10 12 1 9 12 1 7 1 10 100 1 10 10 12 1 1 8 1 10 12 1 10 12 1 1 11 100 1 10 12 1 10 100 12 1 1 1 8 1 10 100 12 1 1 1 8 1 10 12 1 8 1 10 12 1 10 12 1 1 10 100 12 1 1 10 12 1 10 12 1 10 12 1 9 12 1 9 10 12 1 9 12 1 11 7 12 1 1 1 11 7 12 1 1 1 100 1 10 12 11 100 12 1 1 10 11 7 12 1 10 12 1 100 1 10 12 1 100 1 10 10 9 7 12 1 1 1 3 10 100 12 1 1 9 12 1 10 12 1 1 9 12 1 1 9 12 1 10 12 1 1 10 100 12 1 1 9 12 1 9 7 12 1 1 10 12 1 1 10 12 1 3 9 12 1 9 12 1 10 12 1 1 7 1 9 3 100 1 10 12 1 9 12 1 10 12 1 9 12 1 10 12 1 9 12 1 10 100 12 1 1 1 100 10 12 1 100 1 5 0 10 100 12 1 1 100 1 10 12 1 1 10 12 1 10 12 1 100 1 10 12 1 10 100 1 100 1 10 10 12 1 10 100 1 10 12 1 10 100 1 10 12 1 10 100 1 10 12 1 1 100 1 10 12 1 10 10 12 1 100 1 10 12 1 10 10 12 1 100 1 10 12 1 10 100 1 10 12 1 10 100 1 10 12 1 10 100 1 10 12 1 10 100 1 10 12 1 10 100 1 10 12 1 10 100 1 10 12 1 10 100 1 10 12 1 10 100 1 10 10 100 1 10 10 100 1 10 10 100 1 10 12 1 10 100 1 10 12 1 10 100 1 10 12 1 10 100 1 10 12 1 10 100 1 10 12 1 10 100 1 10 10 100 1 10 10 100 1 10 10 100 1 10 12 1 10 100 1 10 12 1 10 100 1 10 12 1 10 100 1 10 12 1 10 100 1 10 12 1 10 10 12 1 10 12 1 7 1 7 1 10 12 1 9 12 1 1 9 12 1 1 10 12 1 1 8 10 12 1 1 8 8 8 8 7 10 12 1 1 10 12 1 1 100 1 8 1 10 7 1 100 1 100 1 1 1 5 0 1 1 3 1 3 1 1 1 1 3 1 3 1 3 1 1 1 1 1 3 1 3 1 3 1 1 1 1 1 1 1 1 1 1 1 1 1 1 1 1 1 1 1 1 1 1 1 1 1 1 1 100 1 1 1 1 1 1 1 1 1 1 1 1 1 1 1 1 1 1 1 1 1 1 1 1 1 1 1 1 1 1 1 1 1 1 1 1 1 1 1 1 1 1 1 1 1 1 1 1 1 1 1 1 1 1 1 1 1 1 1 1 1 1 1 1 1 1 1 1 1 1 1 1 1 1 1 1 1 1 1 1 1 1 1 1 100 1 1 1 1 1 1 1 1 1 1 1 100 1 1 1 1 1 1 1 1 1 1 1 1 1 1 1 1 1 1 1 1 1 1 1 1 1 1 1 1 1 1 1 1 1 1 1 1 1 1 1 1 1 1 1 1 1 1 1 1 1 1 1 1 1 1 1 1 1 1 1 1 1 1 1 1 1 1 1 1 1 1 1 1 1 1 1 1 1 1 1 1 1 1 1 1 1 1 1 1 1 1 1 1 1 1 1 1 1 1 1 1 1 1 1 1 1 1 1 1 1 1 1 1 1 1 1 1 1 1 1 1 1 1 1 1 1 1 1 1 1 1 1 1 1 1 1 1 1 1 1 1 1 1 1 1 1 1 1 1 1 1 1 1 1 1 1 1 1 1 1 1 1 1 1 1 1 1 1 1 1 1 1 1 1 1 1 1 1 1 1 1 1 1 1 1 1 1 1 1 1 1 1 1 1 1 1 1 1 1 1 1 1 1 1 1 1 1 1 1 1 1 1 1 1 1 1 1 1 1 1 1 1 1 1 100 1 100 1 100 1 100 1 100 1 100 1 100 1 100 1 100 1 1 1 1 1 1 1 1 1 1 1 1 1 1 1 1 1 1 1 1 1 1 1 1 1 1 1 1 1 1 1 1 1 1 1 1 1 1 1 1 1 1 1 1 1 1 1 1 1 1 1 1 1 1 1 1 1 1
staticfield java/util/concurrent/ConcurrentHashMap serialPersistentFields [Ljava/io/ObjectStreamField; 3 [Ljava/io/ObjectStreamField;
staticfield java/util/concurrent/ConcurrentHashMap U Ljdk/internal/misc/Unsafe; jdk/internal/misc/Unsafe
staticfield java/util/concurrent/ConcurrentHashMap SIZECTL J 44
staticfield java/util/concurrent/ConcurrentHashMap TRANSFERINDEX J 56
staticfield java/util/concurrent/ConcurrentHashMap BASECOUNT J 48
staticfield java/util/concurrent/ConcurrentHashMap CELLSBUSY J 60
staticfield java/util/concurrent/ConcurrentHashMap CELLVALUE J 144
staticfield java/util/concurrent/ConcurrentHashMap ABASE J 16
staticfield java/util/concurrent/ConcurrentHashMap ASHIFT I 2
instanceKlass com/google/common/cache/LocalCache
instanceKlass java/util/EnumMap
instanceKlass java/util/TreeMap
instanceKlass java/util/IdentityHashMap
instanceKlass java/util/WeakHashMap
instanceKlass java/util/Collections$EmptyMap
instanceKlass sun/util/PreHashedMap
instanceKlass java/util/HashMap
instanceKlass java/util/ImmutableCollections$AbstractImmutableMap
instanceKlass java/util/concurrent/ConcurrentHashMap
ciInstanceKlass java/util/AbstractMap 1 1 198 10 7 12 1 1 1 10 7 12 1 1 1 11 7 12 1 1 1 10 11 12 1 1 11 7 12 1 1 1 11 12 1 1 7 1 11 12 1 10 12 1 1 11 12 1 100 1 10 11 12 1 11 7 1 10 12 1 1 11 12 1 9 12 1 1 100 1 10 12 1 9 12 1 1 100 1 10 11 11 12 1 1 11 12 1 100 1 100 1 11 12 1 8 1 100 1 10 10 12 1 1 8 1 10 12 1 10 12 1 1 10 12 1 1 1 1 1 1 1 1 1 1 1 1 1 1 1 1 1 1 1 1 1 1 1 1 1 1 1 1 1 1 1 1 1 1 1 1 1 1 1 1 100 1 1 1 1 1 1 1 100 1 1 1 1 1 1 1 1 1 100 1 1 1 1 1 1 1 1 1 100 1 100 1 100 1 100 1 100 1 1 1 1 1 1 1 1
ciInstanceKlass java/util/concurrent/ConcurrentMap 1 1 201 11 100 12 1 1 1 10 100 12 1 1 11 12 1 1 11 100 12 1 1 1 11 100 12 1 1 1 11 12 1 1 100 1 11 12 1 11 12 1 100 1 11 100 12 1 1 1 18 12 1 11 12 1 1 11 100 12 1 1 11 12 1 1 11 100 12 1 11 12 1 1 11 12 1 1 100 1 100 1 1 1 1 1 1 1 1 1 1 1 1 1 1 1 1 1 1 1 1 1 1 1 1 1 1 1 1 1 1 1 1 1 1 1 1 1 1 1 1 1 1 1 1 1 1 1 1 1 1 1 1 1 1 1 1 1 1 1 1 16 15 11 12 15 10 100 12 1 1 1 1 1 100 1 100 1 1 1 100 1 8 1 1 12 10 1 8 1 1 1 8 1 8 1 1 8 1 1 1 8 1 1 1 8 1 1 8 1 8 1 1 1 8 1 1 8 1 1 1 8 1
ciInstanceKlass java/util/Collection 1 1 115 11 100 12 1 1 1 100 1 11 7 12 1 1 1 10 100 12 1 1 1 11 12 1 1 11 100 12 1 1 1 11 12 1 1 11 100 12 1 1 1 11 12 1 1 10 100 12 1 1 1 11 12 1 10 7 12 1 1 1 100 1 100 1 1 1 1 1 1 1 1 1 1 1 1 1 1 1 1 1 1 1 1 1 1 1 1 1 1 1 1 1 1 1 1 1 1 1 1 1 1 1 1 1 1 1 1 1 1 1 1 1 1 1 1
instanceKlass jdk/internal/loader/ClassLoaders$BootClassLoader
instanceKlass jdk/internal/loader/ClassLoaders$PlatformClassLoader
instanceKlass jdk/internal/loader/ClassLoaders$AppClassLoader
ciInstanceKlass jdk/internal/loader/BuiltinClassLoader 1 1 652 9 7 12 1 1 1 10 7 12 1 1 1 10 7 12 1 1 1 9 12 1 1 9 12 1 1 7 1 10 12 1 9 12 1 10 12 1 9 12 1 10 7 12 1 1 1 10 7 12 1 1 1 10 7 12 1 1 1 11 7 12 1 1 1 100 1 100 1 10 10 12 1 1 8 1 10 12 1 10 12 7 1 10 12 1 10 12 1 1 11 7 12 1 1 1 11 7 12 1 1 1 11 12 1 1 7 1 8 1 8 1 10 9 12 1 1 10 7 12 1 1 11 12 1 1 10 12 1 1 10 12 1 1 10 12 1 1 11 7 12 1 1 1 10 7 12 1 1 100 1 10 100 12 1 1 1 10 7 12 1 1 1 10 12 1 10 12 1 100 1 8 1 10 12 1 1 10 8 1 10 12 1 1 10 12 1 1 10 12 1 1 11 7 12 1 1 11 12 1 7 1 10 11 12 1 1 11 10 12 1 1 7 1 10 12 1 10 7 12 1 10 12 1 11 12 1 1 11 7 1 11 12 1 100 1 10 12 1 1 100 1 100 1 11 12 1 1 10 12 1 10 12 10 12 1 10 7 12 1 1 1 7 1 10 10 12 1 1 10 12 1 1 10 12 1 1 10 12 1 9 12 1 1 100 1 10 10 12 1 1 10 12 1 1 10 12 1 10 12 10 12 1 1 10 12 1 1 10 12 1 1 10 12 1 10 12 1 1 10 12 1 1 10 12 1 10 12 1 1 10 12 1 7 1 10 12 10 7 12 1 1 1 10 12 1 11 12 1 7 1 10 12 1 7 1 100 1 10 12 1 10 12 1 11 12 1 1 10 12 1 1 10 12 1 1 10 12 1 1 10 12 1 1 10 12 1 10 12 1 10 12 1 10 12 1 8 1 10 12 1 1 10 7 12 1 1 10 12 1 100 1 8 1 8 1 10 10 12 1 8 1 8 1 10 7 12 1 1 1 11 7 12 1 1 1 9 7 12 1 1 1 10 7 12 1 1 1 9 12 1 9 12 1 9 12 1 9 12 1 9 12 1 9 12 1 10 7 12 1 1 1 8 1 10 12 1 7 1 10 11 12 1 1 10 12 10 12 1 10 12 1 100 1 10 12 1 10 12 1 11 11 12 1 10 7 12 1 1 10 7 12 1 1 8 1 10 7 12 1 1 10 12 1 1 1 1 1 1 1 1 1 1 1 1 1 1 1 1 1 1 1 1 1 1 1 1 1 1 1 1 1 1 1 1 1 1 1 1 1 1 1 1 1 1 1 1 1 1 1 1 1 1 1 1 1 1 1 100 1 1 1 1 1 1 1 1 1 1 1 1 1 100 1 100 1 1 1 1 1 1 1 1 1 1 1 1 1 1 1 1 1 1 1 1 1 1 1 1 1 1 1 1 1 1 1 1 1 1 1 1 1 1 1 1 1 1 1 1 1 1 1 100 1 1 1 100 1 1 1 1 1
staticfield jdk/internal/loader/BuiltinClassLoader packageToModule Ljava/util/Map; java/util/concurrent/ConcurrentHashMap
staticfield jdk/internal/loader/BuiltinClassLoader $assertionsDisabled Z 1
ciInstanceKlass jdk/internal/loader/ClassLoaders$AppClassLoader 1 1 57 8 1 10 7 12 1 1 1 10 100 12 1 1 1 10 12 1 1 10 7 12 1 1 1 100 1 10 12 1 1 1 1 1 1 1 1 1 1 1 1 1 1 1 1 1 1 1 1 1 1 1 1 100 1 1 1
ciInstanceKlass jdk/internal/loader/ClassLoaders$PlatformClassLoader 1 1 42 8 1 10 7 12 1 1 1 10 7 12 1 1 1 100 1 10 12 1 100 1 1 1 1 1 1 1 1 1 1 1 1 1 1 100 1 1 1 100 1 1
ciInstanceKlass java/lang/ArithmeticException 1 1 26 10 100 12 1 1 1 10 12 1 100 1 1 1 1 5 0 1 1 1 1 1 1 1 1 1
instanceKlass org/apache/maven/plugin/AbstractMojoExecutionException
instanceKlass java/util/concurrent/TimeoutException
instanceKlass com/google/common/collect/RegularImmutableMap$BucketOverflowException
instanceKlass java/util/concurrent/ExecutionException
instanceKlass java/lang/InterruptedException
instanceKlass com/google/inject/internal/ErrorsException
instanceKlass com/google/inject/internal/InternalProvisionException
instanceKlass org/codehaus/plexus/context/ContextException
instanceKlass java/text/ParseException
instanceKlass org/codehaus/plexus/PlexusContainerException
instanceKlass org/codehaus/plexus/component/repository/exception/ComponentLookupException
instanceKlass org/codehaus/plexus/util/xml/pull/XmlPullParserException
instanceKlass java/lang/CloneNotSupportedException
instanceKlass sun/nio/fs/WindowsException
instanceKlass org/apache/commons/cli/ParseException
instanceKlass org/codehaus/plexus/interpolation/InterpolationException
instanceKlass org/apache/maven/cli/MavenCli$ExitException
instanceKlass org/codehaus/plexus/classworlds/launcher/ConfigurationException
instanceKlass java/io/IOException
instanceKlass org/codehaus/plexus/classworlds/ClassWorldException
instanceKlass java/lang/ReflectiveOperationException
instanceKlass java/lang/RuntimeException
ciInstanceKlass java/lang/Exception 1 1 40 10 7 12 1 1 1 10 12 1 10 12 1 10 12 1 10 12 1 100 1 1 1 1 5 0 1 1 1 1 1 1 1 1 1 1 1 1 1 1
instanceKlass java/lang/annotation/IncompleteAnnotationException
instanceKlass java/lang/reflect/UndeclaredThrowableException
instanceKlass com/google/common/util/concurrent/UncheckedExecutionException
instanceKlass com/google/common/cache/CacheLoader$InvalidCacheLoadException
instanceKlass java/util/NoSuchElementException
instanceKlass com/google/inject/CreationException
instanceKlass com/google/inject/ConfigurationException
instanceKlass com/google/inject/ProvisionException
instanceKlass java/lang/TypeNotPresentException
instanceKlass java/lang/UnsupportedOperationException
instanceKlass java/lang/SecurityException
instanceKlass java/lang/IllegalStateException
instanceKlass java/lang/IllegalArgumentException
instanceKlass java/lang/IndexOutOfBoundsException
instanceKlass java/lang/ArithmeticException
instanceKlass java/lang/NullPointerException
instanceKlass java/lang/IllegalCallerException
instanceKlass java/lang/IllegalMonitorStateException
instanceKlass java/lang/ArrayStoreException
instanceKlass java/lang/ClassCastException
ciInstanceKlass java/lang/RuntimeException 1 1 40 10 7 12 1 1 1 10 12 1 10 12 1 10 12 1 10 12 1 100 1 1 1 1 5 0 1 1 1 1 1 1 1 1 1 1 1 1 1 1
ciInstanceKlass java/lang/ArrayIndexOutOfBoundsException 1 1 45 10 100 12 1 1 1 10 12 1 100 1 10 8 1 10 12 1 1 10 12 1 10 12 1 1 100 1 1 1 1 5 0 1 1 1 1 1 1 1 1 1 1 1 1
instanceKlass java/lang/StringIndexOutOfBoundsException
instanceKlass java/lang/ArrayIndexOutOfBoundsException
ciInstanceKlass java/lang/IndexOutOfBoundsException 1 1 49 10 100 12 1 1 1 10 12 1 100 1 10 8 1 10 12 1 1 10 12 1 10 12 1 1 10 12 1 100 1 1 1 1 5 0 1 1 1 1 1 1 1 1 1 1 1 1 1
ciInstanceKlass java/lang/ArrayStoreException 1 1 26 10 100 12 1 1 1 10 12 1 100 1 1 1 1 5 0 1 1 1 1 1 1 1 1 1
ciInstanceKlass java/lang/ClassCastException 1 1 26 10 100 12 1 1 1 10 12 1 100 1 1 1 1 5 0 1 1 1 1 1 1 1 1 1
ciInstanceKlass java/lang/ClassNotFoundException 1 1 96 7 1 10 7 12 1 1 1 10 12 1 10 12 1 1 10 100 12 1 1 1 8 1 10 100 12 1 1 1 10 7 12 1 1 10 100 12 1 1 1 10 100 12 1 1 1 10 12 1 1 7 1 10 12 1 9 12 1 1 1 1 1 5 0 1 1 1 1 1 1 1 1 1 1 1 1 1 1 1 1 1 1 100 1 1 1 1 1 1 1 1 1 1 1 1
staticfield java/lang/ClassNotFoundException serialPersistentFields [Ljava/io/ObjectStreamField; 1 [Ljava/io/ObjectStreamField;
instanceKlass java/lang/InstantiationException
instanceKlass java/lang/NoSuchFieldException
instanceKlass java/lang/IllegalAccessException
instanceKlass java/lang/NoSuchMethodException
instanceKlass java/lang/reflect/InvocationTargetException
instanceKlass java/lang/ClassNotFoundException
ciInstanceKlass java/lang/ReflectiveOperationException 1 1 34 10 7 12 1 1 1 10 12 1 10 12 1 10 12 1 100 1 1 1 1 5 0 1 1 1 1 1 1 1 1 1 1 1
instanceKlass java/nio/charset/UnsupportedCharsetException
instanceKlass java/lang/NumberFormatException
instanceKlass org/apache/maven/cli/MavenCli$IllegalUseOfUndefinedProperty
ciInstanceKlass java/lang/IllegalArgumentException 1 1 35 10 100 12 1 1 1 10 12 1 10 12 1 10 12 1 100 1 1 1 1 5 0 1 1 1 1 1 1 1 1 1 1 1 1
ciInstanceKlass java/lang/IllegalCallerException 0 0 35 10 100 12 1 1 1 10 12 1 10 12 1 10 12 1 100 1 1 1 1 5 0 1 1 1 1 1 1 1 1 1 1 1 1
ciInstanceKlass java/lang/IllegalMonitorStateException 1 1 26 10 100 12 1 1 1 10 12 1 100 1 1 1 1 5 0 1 1 1 1 1 1 1 1 1
ciInstanceKlass java/lang/BootstrapMethodError 0 0 45 10 100 12 1 1 1 10 12 1 10 12 1 10 100 12 1 1 1 10 100 12 1 1 1 1 1 1 5 0 1 1 1 1 1 1 1 1 1 1 1 100 1 1 1
instanceKlass com/google/common/util/concurrent/ExecutionError
instanceKlass java/lang/AssertionError
instanceKlass java/io/IOError
instanceKlass org/apache/maven/BuildAbort
instanceKlass java/lang/VirtualMachineError
instanceKlass java/lang/LinkageError
ciInstanceKlass java/lang/Error 1 1 58 10 7 12 1 1 1 9 12 1 1 10 100 12 1 1 1 10 100 12 1 1 1 10 12 1 10 12 1 10 12 1 10 12 1 100 1 1 1 1 5 0 1 1 1 1 1 1 1 1 100 1 1 1 1 1 1 1
instanceKlass java/lang/UnsatisfiedLinkError
instanceKlass java/lang/IncompatibleClassChangeError
instanceKlass java/lang/BootstrapMethodError
instanceKlass java/lang/NoClassDefFoundError
ciInstanceKlass java/lang/LinkageError 1 1 31 10 7 12 1 1 1 10 12 1 10 12 1 100 1 1 1 1 5 0 1 1 1 1 1 1 1 1 1 1 1
ciInstanceKlass java/lang/NullPointerException 1 1 52 10 7 12 1 1 1 10 12 1 9 7 12 1 1 1 10 12 1 1 9 12 1 1 10 12 1 1 10 12 1 1 1 1 5 0 1 1 1 1 1 1 1 1 100 1 100 1 100 1 1 1
ciInstanceKlass java/lang/InternalError 1 1 34 10 100 12 1 1 1 10 12 1 10 12 1 10 12 1 100 1 1 1 1 5 0 1 1 1 1 1 1 1 1 1 1 1
instanceKlass java/lang/StackOverflowError
instanceKlass java/lang/OutOfMemoryError
instanceKlass java/lang/InternalError
ciInstanceKlass java/lang/VirtualMachineError 1 1 34 10 100 12 1 1 1 10 12 1 10 12 1 10 12 1 100 1 1 1 1 5 0 1 1 1 1 1 1 1 1 1 1 1
ciInstanceKlass java/lang/NoClassDefFoundError 1 1 26 10 7 12 1 1 1 10 12 1 100 1 1 1 1 5 0 1 1 1 1 1 1 1 1 1
ciInstanceKlass java/lang/OutOfMemoryError 1 1 26 10 100 12 1 1 1 10 12 1 100 1 1 1 1 5 0 1 1 1 1 1 1 1 1 1
ciInstanceKlass java/lang/StackOverflowError 1 1 26 10 100 12 1 1 1 10 12 1 100 1 1 1 1 5 0 1 1 1 1 1 1 1 1 1
ciInstanceKlass java/lang/StackTraceElement 1 1 235 10 7 12 1 1 1 10 7 12 1 1 9 12 1 1 9 12 1 1 9 12 1 9 12 1 8 1 10 100 12 1 1 1 100 1 9 12 1 8 1 9 12 1 9 12 1 9 12 1 1 10 12 1 1 10 12 1 8 1 10 100 12 1 1 1 100 1 10 12 1 10 12 1 1 10 12 1 10 12 1 1 10 12 1 10 12 1 10 10 12 1 8 1 10 12 1 10 12 1 1 10 12 1 1 10 12 1 10 12 1 10 12 1 9 12 1 1 10 7 12 1 1 1 10 12 1 1 7 1 10 12 1 1 10 7 12 1 1 10 7 12 1 1 1 10 7 12 1 1 10 7 12 1 1 10 10 12 1 1 10 12 1 1 10 12 1 1 10 12 1 100 1 1 1 1 1 1 1 3 1 3 1 1 5 0 1 1 1 1 1 1 1 1 1 1 1 1 1 1 1 1 1 1 1 1 1 1 1 1 1 1 1 1 1 100 1 100 1 1 1 1 1 1 1 100 1 1 1 1 1 1 1 1 1
instanceKlass java/util/concurrent/locks/AbstractQueuedLongSynchronizer
instanceKlass java/util/concurrent/locks/AbstractQueuedSynchronizer
ciInstanceKlass java/util/concurrent/locks/AbstractOwnableSynchronizer 1 1 32 10 7 12 1 1 1 9 7 12 1 1 1 100 1 1 1 1 5 0 1 1 1 1 1 1 1 1 1 1 1 1
ciInstanceKlass jdk/internal/vm/Continuation 1 1 551 9 7 12 1 1 1 9 12 1 9 12 1 9 12 1 100 1 100 1 10 12 1 1 8 1 10 12 1 1 10 12 1 10 12 1 1 10 12 1 9 7 12 1 1 1 11 100 12 1 1 1 10 100 1 9 12 1 1 9 12 1 1 10 8 1 10 12 1 9 12 1 1 10 11 12 1 1 100 1 10 100 12 1 1 1 10 12 1 1 10 12 1 10 12 1 1 11 12 1 1 9 12 1 1 10 12 1 1 18 12 1 1 10 100 12 1 1 1 100 1 10 12 1 11 100 12 1 1 1 10 12 1 9 12 1 10 12 1 1 100 1 8 1 10 12 1 10 12 1 1 9 12 1 1 11 12 1 1 9 12 1 1 8 1 10 11 12 1 1 11 12 1 1 10 12 1 1 10 12 1 1 9 12 1 10 12 1 10 10 12 1 8 1 10 12 1 8 1 8 1 10 7 12 1 1 1 10 100 12 1 1 1 10 12 1 9 12 1 11 12 1 100 1 10 12 1 10 12 1 1 9 12 1 1 100 1 10 12 1 1 9 12 1 1 10 12 1 10 12 1 11 100 12 1 1 10 7 1 10 12 1 8 1 10 12 1 1 9 12 1 1 10 7 12 1 1 8 1 8 1 8 1 8 1 10 12 1 1 10 12 1 10 12 1 10 12 1 10 12 1 1 10 12 1 1 8 1 9 12 1 10 12 1 1 9 12 1 1 10 12 1 1 9 12 1 8 1 10 100 12 1 1 1 10 12 1 8 1 100 1 8 1 10 9 12 1 1 8 1 10 100 12 1 1 10 100 12 1 1 8 1 8 1 10 12 10 12 1 1 10 100 1 10 100 12 1 1 1 18 11 100 12 1 1 1 18 12 1 11 12 1 1 100 1 10 7 12 1 1 10 12 1 1 8 10 12 1 1 10 7 12 1 1 1 10 7 12 1 1 10 12 1 8 1 10 12 1 100 1 100 1 10 12 1 1 1 1 1 1 1 1 1 1 1 1 1 1 1 1 1 1 1 1 1 1 1 1 1 1 1 1 1 1 1 1 1 1 1 1 1 1 1 1 1 1 1 1 1 1 1 1 1 1 1 1 1 1 1 1 1 1 1 1 1 1 1 1 1 1 1 1 1 1 1 1 1 1 1 1 100 1 1 16 1 15 10 12 16 15 11 100 12 1 1 1 16 1 16 1 15 10 12 16 15 10 100 12 1 1 1 1 1 1 1 1 100 1 100 1 1
staticfield jdk/internal/vm/Continuation U Ljdk/internal/misc/Unsafe; jdk/internal/misc/Unsafe
staticfield jdk/internal/vm/Continuation MOUNTED_OFFSET J 13
staticfield jdk/internal/vm/Continuation PRESERVE_SCOPED_VALUE_CACHE Z 1
staticfield jdk/internal/vm/Continuation JLA Ljdk/internal/access/JavaLangAccess; java/lang/System$1
staticfield jdk/internal/vm/Continuation $assertionsDisabled Z 1
ciInstanceKlass jdk/internal/misc/UnsafeConstants 1 1 34 10 100 12 1 1 1 9 7 12 1 1 1 9 12 1 9 12 1 1 9 12 1 9 12 1 1 1 1 1 1 1 1 1
staticfield jdk/internal/misc/UnsafeConstants ADDRESS_SIZE0 I 8
staticfield jdk/internal/misc/UnsafeConstants PAGE_SIZE I 4096
staticfield jdk/internal/misc/UnsafeConstants BIG_ENDIAN Z 0
staticfield jdk/internal/misc/UnsafeConstants UNALIGNED_ACCESS Z 1
staticfield jdk/internal/misc/UnsafeConstants DATA_CACHE_LINE_FLUSH_SIZE I 0
ciInstanceKlass java/lang/invoke/MethodHandleImpl 1 1 1424 10 7 12 1 1 1 100 1 10 100 12 1 1 1 10 7 12 1 1 1 100 1 10 8 1 10 12 1 1 10 12 1 10 12 1 1 10 7 12 1 1 1 9 100 12 1 1 1 10 100 12 1 1 1 100 1 10 12 1 1 10 12 1 1 10 12 1 1 10 7 12 1 1 1 9 7 12 1 1 1 10 7 12 1 1 1 100 1 10 9 12 1 1 9 12 1 10 12 1 1 10 12 1 10 12 1 1 10 12 1 1 10 12 1 1 8 1 8 1 10 12 1 1 10 12 1 1 10 12 1 1 10 12 1 1 10 12 1 10 12 1 1 10 7 12 1 1 1 10 12 1 7 1 10 100 12 1 1 1 10 12 1 1 10 12 1 1 11 7 12 1 1 1 11 7 12 1 1 11 12 1 1 7 1 11 12 1 10 12 1 1 10 12 1 1 11 12 1 10 7 12 1 1 10 12 1 1 10 7 12 1 1 10 12 1 10 12 1 1 10 7 12 1 1 1 10 7 12 1 1 1 10 12 1 1 10 12 1 1 9 7 12 1 1 1 10 10 12 1 1 10 12 1 1 10 10 12 1 1 10 12 1 1 10 7 12 1 1 1 10 12 1 1 10 12 1 10 12 1 10 7 12 1 1 1 10 7 12 1 1 1 10 12 1 1 10 12 1 10 12 1 10 12 1 10 12 1 1 10 12 1 10 12 1 1 10 12 1 10 12 1 8 1 100 1 10 12 1 10 12 1 1 10 12 1 10 12 1 1 10 12 1 1 7 1 10 12 1 100 1 8 1 10 12 1 10 100 12 1 1 1 8 1 10 12 1 10 100 12 1 1 1 100 1 9 100 1 10 12 1 1 10 12 1 1 9 12 1 10 12 1 1 10 100 12 1 1 10 12 1 1 10 12 1 1 10 12 1 10 12 1 100 1 10 12 1 1 9 12 1 1 10 12 1 9 100 12 1 1 1 11 100 12 1 1 7 1 9 12 1 100 1 10 12 1 10 12 1 1 100 1 10 12 1 1 10 12 1 1 10 100 12 1 1 1 10 12 1 1 10 12 1 10 12 1 1 10 12 1 10 12 1 1 10 12 1 7 1 9 100 12 1 1 1 10 12 1 10 12 1 9 100 12 1 1 1 10 12 1 1 10 12 1 1 10 12 1 10 100 12 1 1 10 100 12 1 1 1 9 12 1 10 12 1 9 12 10 12 1 10 12 1 10 12 1 10 12 1 1 10 12 1 10 12 1 1 10 12 1 10 12 1 1 10 12 1 1 10 12 1 1 10 12 1 10 12 1 10 12 1 1 10 12 1 10 100 12 1 1 10 12 1 10 100 12 1 1 8 1 10 8 1 100 1 10 9 12 1 100 1 10 12 1 8 1 10 10 12 1 10 10 12 1 1 10 12 1 1 10 12 1 10 12 1 100 1 8 1 10 12 1 10 100 12 1 1 1 10 12 1 1 10 12 1 10 12 1 100 1 10 12 1 10 12 1 10 12 1 1 100 1 10 12 1 10 100 12 1 1 10 12 1 9 12 1 10 12 1 1 10 12 1 1 100 1 10 10 12 1 8 1 8 1 9 12 1 8 1 8 1 8 1 9 12 1 10 12 1 1 9 12 1 1 10 12 1 8 1 9 7 1 10 12 1 1 10 12 1 8 1 8 1 8 1 100 1 100 1 8 8 1 8 1 100 1 8 1 100 1 10 12 1 7 1 10 10 7 12 1 1 1 10 12 1 10 12 10 12 1 10 12 1 11 100 12 1 1 1 18 12 1 11 100 12 1 1 1 18 18 12 1 11 12 1 1 10 12 1 1 10 12 1 10 12 1 11 12 1 9 12 1 9 12 10 10 12 1 1 9 12 1 1 11 12 1 1 18 12 1 1 11 12 1 1 11 12 1 1 10 12 1 11 100 1 10 12 1 10 12 1 10 12 1 9 12 1 9 12 10 12 1 10 100 12 1 1 1 10 12 1 10 12 1 1 10 12 1 10 12 9 12 1 1 10 12 1 10 12 1 1 9 12 1 9 12 1 10 12 1 10 12 1 1 10 12 1 100 1 10 12 1 9 12 1 1 11 100 1 9 12 1 9 12 11 12 1 9 12 1 10 12 10 12 1 1 10 12 1 1 9 100 12 1 1 10 12 1 10 12 1 10 12 1 1 100 1 10 12 1 10 12 1 1 100 1 10 12 1 1 10 12 1 1 100 1 10 12 1 1 10 12 1 1 10 12 1 10 12 1 10 12 1 9 12 1 10 12 1 10 12 1 1 9 7 12 1 1 1 8 10 12 1 1 8 1 10 12 1 8 1 8 1 8 1 8 1 8 1 8 1 100 1 8 1 8 1 10 12 1 9 12 1 10 12 1 1 1 1 1 3 1 1 3 1 3 1 3 1 3 1 3 1 3 1 3 1 3 1 1 1 1 1 1 1 1 1 3 1 3 1 1 1 1 1 1 1 1 1 1 1 1 1 1 1 1 1 1 1 1 1 1 1 1 1 1 1 1 1 1 1 1 1 1 1 1 1 1 1 1 1 1 1 1 1 1 1 1 1 1 1 1 1 1 1 1 1 1 1 1 1 1 1 1 1 1 1 1 1 1 1 1 1 1 1 1 1 1 1 1 1 1 1 1 1 1 1 1 1 1 1 1 1 1 1 1 1 1 1 1 1 1 1 100 1 1 1 1 1 1 1 1 1 1 1 1 1 1 1 1 1 1 1 1 1 1 1 1 1 1 1 1 1 1 1 1 1 1 1 1 1 1 1 1 1 1 1 1 1 1 1 1 1 1 1 1 1 1 1 1 1 1 1 1 1 1 1 1 1 1 1 1 1 1 1 1 1 1 1 1 1 1 1 1 1 1 1 1 1 1 1 1 1 1 1 1 1 1 1 1 1 1 1 1 1 1 1 1 1 1 1 1 1 1 1 1 1 1 1 1 1 1 1 1 1 1 1 1 1 1 1 1 1 1 1 1 1 1 1 1 1 1 1 1 1 1 1 1 1 1 1 1 1 1 1 1 1 1 1 1 1 1 1 1 1 1 1 1 1 1 1 1 1 100 1 100 1 100 1 100 1 100 1 100 1 100 1 1 16 15 10 12 16 15 16 16 1 15 10 12 16 16 15 10 12 16 15 10 100 12 1 1 1 1 1 1 1 1 1 1 1 1 1 1 1 1 1 1 1 1 1 1 1 1
staticfield java/lang/invoke/MethodHandleImpl ARRAYS [Ljava/lang/invoke/MethodHandle; 256 [Ljava/lang/invoke/MethodHandle;
staticfield java/lang/invoke/MethodHandleImpl NFS [Ljava/lang/invoke/LambdaForm$NamedFunction; 7 [Ljava/lang/invoke/LambdaForm$NamedFunction;
staticfield java/lang/invoke/MethodHandleImpl HANDLES [Ljava/lang/invoke/MethodHandle; 9 [Ljava/lang/invoke/MethodHandle;
staticfield java/lang/invoke/MethodHandleImpl $assertionsDisabled Z 1
instanceKlass java/lang/invoke/DelegatingMethodHandle
instanceKlass java/lang/invoke/BoundMethodHandle
instanceKlass java/lang/invoke/DirectMethodHandle
ciInstanceKlass java/lang/invoke/MethodHandle 1 1 734 100 1 9 7 12 1 1 1 10 7 12 1 1 1 10 7 12 1 1 1 7 1 7 1 10 12 1 1 9 12 1 1 10 12 1 10 12 1 1 10 12 1 1 10 100 12 1 1 1 10 12 1 1 10 12 1 1 11 100 12 1 1 1 10 12 1 1 10 12 1 10 12 1 9 12 1 1 9 12 1 1 10 100 12 1 1 1 10 12 1 10 12 1 1 10 12 1 10 12 1 100 1 100 1 10 8 1 10 12 1 1 10 12 1 8 1 10 12 1 1 10 12 1 10 7 12 1 1 1 10 12 1 1 10 12 1 1 10 12 1 1 10 7 12 1 1 1 10 12 1 1 10 12 1 1 10 12 1 10 12 1 1 10 100 12 1 1 10 7 12 1 1 10 12 1 10 12 1 10 12 1 1 10 12 1 1 10 12 1 1 10 12 1 1 10 7 12 1 1 1 10 100 12 1 1 1 10 12 1 1 10 12 1 1 10 12 1 1 8 1 10 7 12 1 1 1 8 1 10 12 1 10 12 1 1 10 12 1 1 10 12 1 8 1 10 12 1 1 8 1 10 12 1 8 1 10 100 12 1 1 1 9 12 1 1 100 1 10 9 100 12 1 1 1 9 100 1 8 1 10 12 1 1 10 12 1 10 12 1 1 10 12 1 10 12 1 1 10 12 1 10 12 1 1 10 12 1 10 12 1 1 10 12 1 1 8 1 10 12 1 1 8 1 10 12 1 10 12 1 1 10 12 1 10 12 1 10 12 1 1 9 100 12 1 1 1 10 12 1 1 11 12 1 10 12 1 10 12 1 1 10 100 12 1 1 100 1 11 12 1 10 100 1 11 12 1 100 1 10 12 1 11 12 1 9 100 12 1 1 1 11 12 1 1 11 100 12 1 1 1 10 12 1 1 9 12 1 11 12 1 9 12 1 9 12 1 9 12 1 11 12 1 1 9 12 1 9 12 1 9 12 1 9 12 1 9 12 1 9 12 1 9 12 1 8 1 10 12 1 10 12 1 8 1 10 12 1 10 12 1 10 12 1 1 10 10 10 7 12 1 1 10 12 1 1 100 1 100 1 8 1 8 1 10 10 12 1 1 10 12 1 10 12 1 100 1 10 100 12 1 1 1 10 9 7 12 1 1 1 10 12 1 1 10 12 1 1 8 1 8 1 10 100 12 1 1 9 12 1 9 12 1 1 9 12 1 1 10 12 1 100 1 10 12 1 10 12 1 1 9 12 1 1 9 12 1 1 10 7 12 1 1 1 11 100 12 1 1 9 12 1 10 12 1 1 9 12 1 10 12 1 8 10 12 1 1 8 1 1 1 1 1 1 1 1 100 1 1 1 1 1 1 1 1 1 1 1 1 1 1 1 1 1 1 1 1 1 1 1 1 1 1 1 1 1 1 1 1 100 1 1 1 1 1 1 1 1 1 1 1 1 1 1 1 1 1 1 1 1 1 1 1 1 1 1 1 1 1 1 1 1 1 1 1 1 1 1 1 1 1 1 1 1 1 1 1 1 1 1 1 1 1 1 1 1 1 1 1 1 1 1 1 1 1 1 1 1 1 1 1 1 1 1 1 1 1 1 1 1 1 1 1 1 1 1 100 1 1 100 1 100 1 100 1 1 100 1 1 100 1 1 1 1
staticfield java/lang/invoke/MethodHandle FORM_OFFSET J 20
staticfield java/lang/invoke/MethodHandle UPDATE_OFFSET J 13
staticfield java/lang/invoke/MethodHandle $assertionsDisabled Z 1
ciInstanceKlass java/lang/invoke/MethodType 1 1 724 7 1 10 7 12 1 1 1 9 12 1 1 9 12 1 1 9 12 1 1 10 7 12 1 1 1 9 7 12 1 1 8 1 10 100 12 1 1 1 9 7 1 9 7 1 10 12 1 1 100 1 10 8 1 10 12 1 1 10 12 1 10 12 1 1 100 1 8 1 10 12 1 100 1 10 10 12 1 10 12 1 1 10 12 1 1 11 7 12 1 1 1 9 12 1 11 12 1 1 7 10 12 1 1 10 12 1 1 7 1 7 1 10 7 12 1 1 1 10 12 1 10 12 1 9 12 1 1 10 7 12 1 1 10 12 1 1 10 7 12 1 1 1 10 7 12 1 1 1 10 12 1 9 12 1 1 10 12 1 1 10 12 1 1 10 12 1 1 10 12 1 1 10 12 1 1 10 12 1 10 12 1 10 12 1 1 10 12 1 8 1 8 1 10 12 1 1 9 12 1 1 100 1 10 10 12 1 1 10 12 1 10 12 1 1 10 12 1 1 10 12 1 10 12 1 10 12 1 8 1 10 12 1 1 10 100 12 1 1 1 10 12 1 10 12 1 1 10 12 1 10 12 1 10 12 1 1 10 12 1 10 12 1 9 12 1 10 12 1 10 10 12 1 1 10 12 1 9 12 1 1 10 12 1 1 11 12 1 1 10 12 1 1 10 12 1 10 12 1 100 1 8 1 8 1 8 1 10 12 1 10 12 1 10 12 1 1 10 10 12 1 11 12 1 1 11 12 1 10 100 12 1 1 1 9 12 1 10 12 1 10 12 1 1 10 12 1 1 10 12 1 10 12 1 10 100 12 1 1 1 10 12 1 1 10 12 1 10 12 1 10 12 1 10 9 12 1 1 7 1 10 12 1 10 100 12 1 1 1 10 12 1 1 10 100 12 1 1 1 10 12 1 1 8 1 10 7 12 1 1 1 11 12 1 1 9 12 1 1 10 12 1 1 10 12 1 10 12 1 1 10 12 1 1 10 100 12 1 1 10 12 1 10 12 100 1 11 100 12 1 1 10 12 1 11 12 1 10 100 12 1 1 10 12 1 1 10 12 1 1 9 12 1 1 9 100 12 1 1 1 10 100 12 1 1 1 9 12 1 10 100 12 1 1 10 12 1 100 10 12 1 10 12 1 1 10 12 1 7 1 10 10 12 1 1 7 1 7 1 9 12 1 1 100 1 100 1 100 1 1 1 5 0 1 1 1 1 1 1 1 3 1 3 1 3 1 1 1 1 1 1 1 1 1 1 1 1 1 1 1 1 1 1 1 1 1 1 1 1 1 1 1 1 1 1 1 1 1 1 1 1 1 1 1 1 1 1 1 1 1 1 1 1 1 1 1 1 1 1 1 1 1 1 1 1 1 1 1 1 1 1 1 1 1 1 1 1 1 1 1 1 1 1 1 1 1 1 1 1 1 1 1 1 1 1 1 1 1 1 1 1 1 1 1 1 1 1 1 1 1 1 1 1 1 1 1 1 1 1 1 1 1 1 1 1 1 1 1 1 1 1 1 1 100 1 100 1 1 1 1 1 1 1 1 1 1 1 1 1 100 1 1 1 1 100 1 1 1 100 1 1 1 1 1 1 1 1 1 1 1 1 1 1 1 1 1 1 100 1 1 100 1 1
staticfield java/lang/invoke/MethodType internTable Ljdk/internal/util/ReferencedKeySet; jdk/internal/util/ReferencedKeySet
staticfield java/lang/invoke/MethodType NO_PTYPES [Ljava/lang/Class; 0 [Ljava/lang/Class;
staticfield java/lang/invoke/MethodType objectOnlyTypes [Ljava/lang/invoke/MethodType; 20 [Ljava/lang/invoke/MethodType;
staticfield java/lang/invoke/MethodType METHOD_HANDLE_ARRAY [Ljava/lang/Class; 1 [Ljava/lang/Class;
staticfield java/lang/invoke/MethodType serialPersistentFields [Ljava/io/ObjectStreamField; 0 [Ljava/io/ObjectStreamField;
staticfield java/lang/invoke/MethodType $assertionsDisabled Z 1
ciInstanceKlass java/lang/invoke/TypeDescriptor$OfMethod 1 0 43 100 1 100 1 100 1 1 1 1 1 1 1 1 1 1 1 1 1 1 1 1 1 1 1 1 1 1 1 1 1 1 1 1 1 1 1 1 1 1 100 1 1
instanceKlass com/google/inject/spi/InjectionPoint$Position
instanceKlass com/google/common/util/concurrent/AbstractFutureState$VarHandleAtomicHelperMaker
instanceKlass java/lang/annotation/ElementType
instanceKlass java/lang/classfile/attribute/StackMapFrameInfo$SimpleVerificationTypeInfo
instanceKlass java/lang/reflect/ProxyGenerator$PrimitiveTypeInfo
instanceKlass java/lang/classfile/ClassFile$StackMapsOption
instanceKlass java/lang/reflect/AccessFlag$Location
instanceKlass java/lang/reflect/AccessFlag
instanceKlass java/lang/module/ModuleDescriptor$Modifier
instanceKlass java/lang/annotation/RetentionPolicy
instanceKlass com/google/inject/internal/InternalFlags$ColorizeOption
instanceKlass com/google/inject/internal/InternalFlags$BytecodeGenOption
instanceKlass com/google/inject/internal/InternalFlags$NullableProvidesOption
instanceKlass com/google/inject/internal/InternalFlags$CustomClassLoadingOption
instanceKlass com/google/inject/internal/InternalFlags$IncludeStackTraceOption
instanceKlass com/google/inject/Key$NullAnnotationStrategy
instanceKlass sun/reflect/annotation/TypeAnnotation$TypeAnnotationTarget
instanceKlass com/google/common/cache/LocalCache$EntryFactory
instanceKlass com/google/common/cache/CacheBuilder$NullListener
instanceKlass com/google/common/cache/CacheBuilder$OneWeigher
instanceKlass com/google/common/cache/LocalCache$Strength
instanceKlass jdk/internal/logger/BootstrapLogger$LoggingBackend
instanceKlass java/util/stream/MatchOps$MatchKind
instanceKlass com/google/inject/Stage
instanceKlass org/eclipse/sisu/space/BeanScanning
instanceKlass java/math/RoundingMode
instanceKlass sun/util/locale/provider/LocaleProviderAdapter$Type
instanceKlass java/util/stream/Collector$Characteristics
instanceKlass java/util/Locale$Category
instanceKlass org/slf4j/impl/OutputChoice$OutputChoiceType
instanceKlass java/util/stream/StreamShape
instanceKlass jdk/internal/util/OperatingSystem
instanceKlass java/util/stream/StreamOpFlag$Type
instanceKlass java/util/stream/StreamOpFlag
instanceKlass org/fusesource/jansi/AnsiColors
instanceKlass org/fusesource/jansi/AnsiMode
instanceKlass org/fusesource/jansi/AnsiType
instanceKlass java/util/regex/Pattern$Qtype
instanceKlass java/lang/invoke/VarHandle$AccessType
instanceKlass java/lang/invoke/VarHandle$AccessMode
instanceKlass java/lang/classfile/Opcode$Kind
instanceKlass java/lang/classfile/Opcode
instanceKlass java/lang/invoke/MethodHandleImpl$Intrinsic
instanceKlass java/lang/classfile/AttributeMapper$AttributeStability
instanceKlass jdk/internal/classfile/impl/AbstractPoolEntry$Utf8EntryImpl$State
instanceKlass java/lang/classfile/TypeKind
instanceKlass java/lang/invoke/LambdaForm$BasicType
instanceKlass java/lang/invoke/LambdaForm$Kind
instanceKlass java/lang/constant/DirectMethodHandleDesc$Kind
instanceKlass sun/invoke/util/Wrapper
instanceKlass java/util/concurrent/TimeUnit
instanceKlass java/nio/file/LinkOption
instanceKlass sun/nio/fs/WindowsPathType
instanceKlass java/nio/file/StandardOpenOption
instanceKlass jdk/internal/vm/Continuation$Pinned
instanceKlass java/io/File$PathStatus
instanceKlass jdk/internal/module/ModuleBootstrap$IllegalNativeAccess
instanceKlass java/lang/reflect/ClassFileFormatVersion
instanceKlass java/lang/Thread$State
instanceKlass java/lang/module/ModuleDescriptor$Requires$Modifier
ciInstanceKlass java/lang/Enum 1 1 204 9 7 12 1 1 1 9 12 1 1 10 7 12 1 1 1 9 12 1 10 7 12 1 1 1 100 1 10 10 12 1 1 10 12 1 100 1 10 10 7 12 1 1 10 12 1 1 18 12 1 1 10 100 12 1 1 1 10 12 1 1 11 7 12 1 1 1 100 1 8 1 10 12 1 100 1 100 1 10 8 1 10 12 1 1 10 12 1 1 8 1 10 12 1 10 100 1 8 1 10 10 12 1 1 10 100 12 1 1 1 100 1 100 1 100 1 1 1 1 1 1 1 1 1 1 1 1 1 1 1 1 1 1 1 1 1 1 1 1 1 1 1 1 1 1 1 1 1 1 1 1 1 1 1 1 1 1 1 1 1 1 1 3 1 1 1 1 100 1 100 1 1 100 1 1 1 1 1 1 1 1 1 1 1 16 15 10 12 16 15 10 100 12 1 1 1 1 1 100 1 100 1 1
ciInstanceKlass java/lang/invoke/LambdaForm 1 1 1030 7 1 100 1 10 7 12 1 1 1 9 12 1 1 9 12 1 9 12 1 9 12 1 1 9 12 1 1 9 12 1 1 9 12 1 1 9 12 1 1 9 12 1 10 7 12 1 1 9 12 1 10 12 1 1 100 1 10 10 12 1 1 10 12 1 10 12 1 10 12 1 1 10 12 1 9 12 1 9 12 1 10 12 1 1 9 7 12 1 1 1 9 7 12 1 1 9 12 1 1 10 12 1 9 12 1 10 100 12 1 1 1 10 12 1 1 100 1 10 12 1 1 9 7 12 1 1 1 10 100 12 1 1 1 10 12 1 10 12 1 1 7 1 10 12 1 10 12 1 10 12 1 1 10 12 1 1 10 12 1 10 12 1 10 12 1 10 12 1 10 12 1 1 8 1 10 12 1 10 12 1 10 10 12 1 8 1 8 1 9 12 1 9 12 1 1 10 12 1 1 9 12 1 1 10 7 12 1 1 1 10 12 1 1 10 12 1 10 12 1 1 10 12 1 7 1 10 12 1 10 100 12 1 1 1 9 12 1 10 12 1 8 1 8 1 8 1 8 1 8 1 8 1 8 1 8 1 10 12 1 9 12 1 7 1 10 12 1 1 9 12 1 1 10 12 1 1 10 12 1 1 10 12 10 12 1 10 12 1 1 10 12 1 1 10 12 1 1 10 10 12 1 1 10 12 1 1 7 1 8 1 10 12 1 1 10 12 1 10 12 1 1 10 8 1 10 12 1 1 8 1 8 1 8 1 10 12 1 10 12 1 10 12 1 1 10 100 12 1 1 1 10 7 12 1 1 1 10 12 1 1 9 12 1 1 8 1 10 100 12 1 1 1 10 7 12 1 1 10 12 1 10 12 1 1 10 12 1 1 9 12 1 8 10 12 1 1 100 1 10 12 1 1 10 12 1 9 7 12 1 1 9 100 12 1 1 1 8 1 10 100 12 1 1 10 12 1 1 100 1 100 1 10 10 12 1 1 10 12 1 1 8 1 8 1 100 1 8 1 10 12 10 12 1 10 12 1 10 12 1 10 12 1 1 9 100 12 1 1 10 12 1 8 1 8 1 10 12 1 10 12 1 1 8 1 8 1 8 1 100 1 8 1 100 1 8 1 100 1 8 1 10 12 1 8 1 9 10 100 12 1 1 1 10 12 1 9 12 1 1 10 12 1 10 10 12 1 10 12 1 10 12 1 10 12 1 1 10 12 1 10 12 1 1 10 12 1 1 10 12 1 1 10 12 1 1 8 1 100 10 12 1 10 12 1 9 12 1 1 10 7 12 1 1 8 1 8 1 100 1 8 1 8 1 8 1 8 1 8 1 8 1 8 1 8 1 10 12 1 1 10 12 1 1 10 12 1 10 12 1 10 12 1 10 12 1 8 1 8 1 8 1 10 12 1 8 1 10 12 1 8 1 8 1 8 1 8 1 8 1 10 12 1 10 12 1 10 12 1 1 10 7 12 1 1 1 10 12 1 10 12 1 10 12 1 10 12 1 10 12 1 9 12 1 1 8 1 10 12 1 1 9 12 1 9 12 1 1 10 12 1 1 9 12 1 1 9 12 1 10 12 1 1 9 12 1 1 7 1 10 7 12 1 1 1 9 7 12 1 1 1 10 7 12 1 1 1 10 12 1 1 10 12 1 1 10 12 1 9 12 1 10 12 1 9 12 1 10 12 1 10 12 1 8 1 10 12 1 9 12 1 1 100 1 10 100 12 1 1 1 100 1 10 12 1 9 12 1 10 12 1 10 12 1 10 12 1 1 10 12 1 9 100 12 1 1 10 12 1 1 10 12 1 10 12 1 9 12 1 9 9 12 1 7 9 12 1 1 10 12 1 1 9 12 1 10 12 1 10 7 1 9 1 1 1 1 3 1 3 1 1 3 1 3 1 1 1 1 1 1 1 1 1 1 1 1 1 1 1 1 1 1 1 1 1 1 1 1 1 1 1 1 1 1 1 1 1 1 1 1 1 1 1 1 1 1 1 1 1 100 1 1 1 1 1 1 1 1 1 1 1 1 1 1 1 1 1 1 1 1 1 1 1 1 1 1 1 1 1 1 1 1 1 1 1 1 1 1 1 1 1 1 1 1 1 1 1 1 1 1 1 1 1 1 1 1 1 1 1 1 1 1 1 1 1 1 1 100 1 1 1 1 1 1 1 1 1 1 1 1 1 1 1 1 1 1 1 1 1 1 1 1 1 1 1 1 1 1 1 1 1 1 1 1 100 1 1 1 1 1 1 1 1 1 1 1 1 1 1 100 1 1 1 100 1 1 100 1 1 1 1 1 1 1 1 1 1 1 1
staticfield java/lang/invoke/LambdaForm DEFAULT_CUSTOMIZED Ljava/lang/invoke/MethodHandle; 
staticfield java/lang/invoke/LambdaForm DEFAULT_KIND Ljava/lang/invoke/LambdaForm$Kind; java/lang/invoke/LambdaForm$Kind
staticfield java/lang/invoke/LambdaForm COMPILE_THRESHOLD I 0
staticfield java/lang/invoke/LambdaForm INTERNED_ARGUMENTS [[Ljava/lang/invoke/LambdaForm$Name; 5 [[Ljava/lang/invoke/LambdaForm$Name;
staticfield java/lang/invoke/LambdaForm IMPL_NAMES Ljava/lang/invoke/MemberName$Factory; java/lang/invoke/MemberName$Factory
staticfield java/lang/invoke/LambdaForm LF_identity [Ljava/lang/invoke/LambdaForm; 6 [Ljava/lang/invoke/LambdaForm;
staticfield java/lang/invoke/LambdaForm NF_identity [Ljava/lang/invoke/LambdaForm$NamedFunction; 6 [Ljava/lang/invoke/LambdaForm$NamedFunction;
staticfield java/lang/invoke/LambdaForm LF_constant [Ljava/lang/invoke/LambdaForm; 5 [Ljava/lang/invoke/LambdaForm;
staticfield java/lang/invoke/LambdaForm createIdentityFormLock Ljava/lang/Object; java/lang/Object
staticfield java/lang/invoke/LambdaForm DEBUG_NAME_COUNTERS Ljava/util/HashMap; 
staticfield java/lang/invoke/LambdaForm DEBUG_NAMES Ljava/util/HashMap; 
staticfield java/lang/invoke/LambdaForm TRACE_INTERPRETER Z 0
staticfield java/lang/invoke/LambdaForm $assertionsDisabled Z 1
instanceKlass jdk/internal/reflect/DirectMethodHandleAccessor
ciInstanceKlass jdk/internal/reflect/MethodAccessorImpl 1 1 38 10 7 12 1 1 1 10 100 12 1 1 1 100 1 1 1 1 1 1 1 100 1 100 1 1 1 1 1 1 1 1 1 1 1 1 1 1
ciInstanceKlass jdk/internal/reflect/MethodAccessor 1 0 17 100 1 100 1 1 1 1 100 1 100 1 1 1 1 1 1
ciInstanceKlass java/util/Objects 1 1 184 10 7 12 1 1 1 100 1 8 1 10 12 1 10 12 1 1 10 7 12 1 1 1 10 12 1 1 10 12 1 10 100 12 1 1 1 10 12 1 1 10 100 12 1 1 1 100 1 10 10 12 1 1 10 100 12 1 1 10 12 1 1 8 1 10 100 12 1 1 1 10 100 12 1 1 1 10 11 100 12 1 1 1 100 1 10 10 12 1 8 1 10 12 1 8 1 100 1 11 12 1 1 8 1 10 7 12 1 1 1 10 12 1 1 10 12 1 10 12 1 10 12 1 10 12 1 1 1 1 1 1 1 1 1 1 1 1 1 1 1 1 1 1 1 1 1 1 1 1 1 1 1 1 1 1 1 1 1 1 1 1 1 1 1 1 1 1 1 1 1 1 1 1 1 1 1 1 1 1 1 1 1 1
instanceKlass java/lang/ProcessEnvironment
instanceKlass java/util/LinkedHashMap
ciInstanceKlass java/util/HashMap 1 1 629 10 7 12 1 1 1 100 1 10 12 1 1 100 1 10 7 12 1 1 1 100 1 11 12 1 1 11 12 1 11 12 1 1 10 7 12 1 1 1 7 1 3 10 7 12 1 1 1 100 1 100 1 10 8 1 10 12 1 1 10 12 1 10 12 1 1 10 12 1 10 7 12 1 1 1 8 1 10 12 1 9 12 1 1 10 12 1 9 12 1 1 4 10 12 1 10 12 1 1 11 7 12 1 1 9 12 1 1 10 7 12 1 1 1 6 0 10 12 1 1 11 12 1 1 11 7 12 1 1 1 11 7 12 1 1 1 11 12 1 1 7 1 11 12 1 11 12 1 10 12 1 10 12 1 1 9 12 10 12 1 1 9 7 12 1 1 1 9 12 9 12 1 10 12 1 1 9 12 1 7 1 10 12 1 1 10 12 1 1 10 12 1 1 10 12 1 1 10 12 1 1 9 12 1 10 12 1 1 3 4 10 12 1 1 10 12 1 1 9 12 1 1 9 10 12 1 1 10 12 1 1 10 12 1 1 10 12 1 9 12 1 1 7 1 10 12 1 10 12 1 10 7 12 1 1 1 7 1 9 12 1 1 7 1 10 9 12 7 1 10 100 1 10 11 7 12 1 1 1 100 1 10 11 100 12 1 1 11 100 12 1 1 1 10 12 1 100 1 100 1 10 12 1 10 12 1 10 12 1 10 100 12 1 1 10 12 1 1 10 12 1 1 10 100 12 1 1 1 8 10 100 12 1 1 1 100 1 10 4 4 10 12 1 1 10 100 12 1 1 1 10 12 1 8 1 6 0 10 100 12 1 1 1 100 1 11 100 12 1 1 1 10 12 1 10 12 1 10 10 12 1 1 6 0 8 1 10 12 1 10 12 100 1 100 1 1 1 1 5 0 1 3 1 1 1 3 1 3 1 3 1 1 1 1 1 1 1 1 1 1 1 1 1 1 1 1 1 1 1 1 1 1 100 1 1 1 1 1 1 1 1 1 1 1 1 1 1 1 1 1 1 1 1 1 1 1 1 1 1 1 1 1 1 1 1 1 100 1 1 1 1 1 1 1 1 1 1 1 1 1 1 1 1 1 1 1 1 1 1 1 1 1 1 1 1 1 1 1 1 1 1 1 1 1 1 1 1 1 1 1 1 1 1 1 1 1 1 1 100 1 1 1 1 1 1 1 1 1 1 1 1 1 1 1 1 1 1 1 1 1 1 1 1 1 1 1 1 1 1 1 1 1 1 1 1 1 1 1 1 1 1 1 1 1 1 1 1 100 1 1 1 1 1 1 1 1 100 1 1 1 1 1 1 1 1 1 1 1 1 1 1 1 1 1 1 100 1 100 1 100 1 100 1 100 1 100 1 100 1 100 1 1 1 1 1 1 1 1 1 1 1 1 1 1 1 1 1 1
ciMethod java/util/HashMap getOrDefault (Ljava/lang/Object;Ljava/lang/Object;)Ljava/lang/Object; 1024 0 5289 0 0
ciInstanceKlass jdk/internal/reflect/CallerSensitive 0 0 17 100 1 100 1 100 1 1 1 1 1 1 1 1 1 1 1
ciInstanceKlass jdk/internal/reflect/DirectConstructorHandleAccessor$NativeAccessor 1 1 44 10 7 12 1 1 1 9 7 12 1 1 1 10 12 1 1 1 1 1 1 1 1 1 1 1 1 1 1 1 1 1 100 1 100 1 1 1 1 1 100 1 1 1
ciInstanceKlass jdk/internal/reflect/ConstructorAccessor 1 0 16 100 1 100 1 1 1 1 100 1 100 1 100 1 1 1
instanceKlass jdk/internal/reflect/DirectConstructorHandleAccessor
instanceKlass jdk/internal/reflect/DirectConstructorHandleAccessor$NativeAccessor
ciInstanceKlass jdk/internal/reflect/ConstructorAccessorImpl 1 1 27 10 7 12 1 1 1 100 1 100 1 1 1 1 1 1 1 1 1 100 1 100 1 100 1 1 1
ciInstanceKlass jdk/internal/reflect/ConstantPool 1 1 142 10 100 12 1 1 1 9 7 12 1 1 1 10 12 1 1 10 12 1 1 10 12 1 10 12 1 1 10 12 1 1 10 12 1 10 12 1 1 10 12 1 10 12 1 1 10 12 1 10 12 1 10 12 1 10 12 1 1 10 12 1 1 10 12 1 1 10 12 1 1 10 12 1 10 12 1 1 10 100 12 1 1 1 8 11 7 12 1 1 1 10 7 12 1 1 1 1 1 1 1 1 1 1 1 1 1 1 1 1 1 1 1 1 1 1 1 1 1 1 1 1 1 1 1 1 1 1 1 1 1 1 1 1 1 1 1 1 1 1 1 1
instanceKlass java/lang/invoke/VolatileCallSite
instanceKlass java/lang/invoke/MutableCallSite
instanceKlass java/lang/invoke/ConstantCallSite
ciInstanceKlass java/lang/invoke/CallSite 1 1 297 10 7 12 1 1 1 10 7 12 1 1 1 9 12 1 1 10 7 12 1 1 1 10 12 1 100 1 10 12 1 1 10 12 1 1 9 100 12 1 1 1 10 100 12 1 1 10 12 1 1 100 1 100 1 10 10 100 12 1 1 1 10 12 1 1 8 1 10 12 1 10 12 1 1 10 12 1 10 12 1 1 10 12 1 1 10 10 100 12 1 1 10 12 1 1 9 12 1 9 100 12 1 1 1 8 1 10 7 12 1 1 1 10 12 1 1 100 1 10 12 1 1 9 12 1 8 1 100 1 10 12 1 10 12 1 100 1 8 1 10 10 12 1 10 12 1 1 100 1 10 12 1 1 10 12 1 10 12 1 10 12 1 1 10 12 1 1 9 12 1 1 8 10 12 1 1 9 12 1 1 100 1 10 10 12 1 10 100 12 1 1 1 10 12 1 1 10 12 1 1 10 12 1 10 7 12 1 1 1 100 1 8 1 10 10 12 10 12 1 1 100 1 100 1 100 1 8 1 10 12 1 10 7 12 1 1 1 1 1 1 1 1 1 1 1 1 1 1 1 1 1 1 1 1 1 1 1 1 1 1 1 1 1 1 1 1 1 1 1 1 1 1 1 1 1 1 1 1 1 1 1 1 1 1 1 1 1 1 1 1 100 1 100 1 1 1
staticfield java/lang/invoke/CallSite $assertionsDisabled Z 1
ciInstanceKlass java/lang/invoke/ConstantCallSite 1 1 65 10 7 12 1 1 1 9 7 12 1 1 1 9 12 1 1 10 7 12 1 1 1 10 12 1 100 1 10 12 9 12 1 1 100 1 10 10 12 1 1 10 12 1 1 1 1 1 1 1 1 1 1 1 1 1 100 1 1 1 1 1 1 1 1
staticfield java/lang/invoke/ConstantCallSite UNSAFE Ljdk/internal/misc/Unsafe; jdk/internal/misc/Unsafe
instanceKlass java/lang/invoke/DirectMethodHandle$Interface
instanceKlass java/lang/invoke/DirectMethodHandle$Special
instanceKlass java/lang/invoke/DirectMethodHandle$Accessor
instanceKlass java/lang/invoke/DirectMethodHandle$Constructor
ciInstanceKlass java/lang/invoke/DirectMethodHandle 1 1 929 7 1 100 1 7 1 7 1 10 7 12 1 1 1 10 7 12 1 1 1 100 1 10 12 1 10 12 1 1 10 7 12 1 1 10 12 1 1 10 12 1 10 12 1 7 1 10 12 1 1 10 12 1 1 10 12 1 10 12 1 1 10 7 12 1 1 1 10 12 1 9 7 12 1 1 1 100 1 10 9 12 1 1 9 12 1 10 12 1 10 12 1 10 12 1 1 10 12 1 10 12 1 10 12 1 10 7 12 1 1 1 10 12 1 10 12 1 1 8 1 10 12 1 1 7 1 10 12 1 7 1 10 10 12 1 10 12 1 10 12 1 10 7 12 1 1 1 10 12 1 1 100 1 10 12 1 10 12 1 7 1 10 12 1 10 12 1 1 10 12 1 1 10 12 8 10 7 12 1 1 1 10 12 1 10 12 1 10 12 1 1 10 12 1 9 7 12 1 1 1 7 1 10 12 1 10 7 12 1 1 1 10 12 1 10 12 1 1 9 12 1 1 7 1 10 8 1 10 12 1 1 10 12 1 1 8 1 10 12 1 10 12 1 10 10 12 1 10 12 1 10 12 1 10 12 1 10 12 1 1 10 12 1 10 12 1 10 12 1 1 10 10 7 12 1 1 1 10 12 1 10 12 1 1 10 12 1 10 12 1 1 8 1 9 7 12 1 1 1 8 1 9 12 1 9 12 1 8 1 9 12 1 9 12 1 8 1 9 12 1 9 12 1 8 1 10 12 1 10 12 1 1 10 7 12 1 1 1 10 12 1 10 12 1 1 9 12 1 1 7 1 10 12 1 1 100 1 10 7 12 1 1 1 10 12 1 1 10 12 1 1 7 1 10 12 1 1 10 12 1 10 12 1 1 7 1 10 12 1 1 10 12 1 10 12 1 10 12 1 1 10 12 1 9 12 1 1 10 7 1 9 12 1 10 12 1 7 1 7 1 7 1 10 7 12 1 1 1 9 12 1 1 10 7 12 1 1 1 10 7 12 1 1 10 12 10 12 1 100 1 10 12 1 10 12 1 1 8 1 9 12 1 9 12 1 10 12 1 1 9 12 1 1 10 100 12 1 1 1 9 12 1 1 9 12 1 1 10 12 1 10 12 1 10 12 1 10 12 1 1 10 12 1 9 12 1 9 12 1 10 12 1 10 12 1 10 12 1 10 12 1 1 10 12 1 1 9 12 1 1 10 12 1 1 9 7 12 1 1 1 9 12 1 9 12 1 9 12 1 9 12 1 9 12 1 9 12 1 9 12 1 9 12 1 9 12 1 9 12 1 9 12 1 9 12 1 9 12 1 9 12 1 9 12 1 9 12 1 9 12 1 9 12 1 9 12 1 9 12 1 9 12 1 9 12 1 9 12 1 9 12 1 100 1 10 12 1 8 1 8 1 8 1 8 1 8 1 8 1 8 1 8 1 8 1 10 12 1 10 12 1 8 1 8 1 8 1 9 12 1 1 9 12 1 1 10 12 1 10 12 1 1 10 12 1 1 9 7 1 10 12 1 10 12 10 12 1 10 12 1 10 12 1 10 8 1 8 1 8 1 8 1 10 12 1 1 9 12 1 1 10 12 1 10 100 12 1 1 1 8 9 12 1 1 10 12 1 1 8 1 8 8 9 12 1 8 1 8 8 8 8 8 1 8 10 12 1 7 1 10 12 1 8 1 8 1 10 12 1 10 12 1 10 12 1 9 12 1 10 12 1 1 7 1 1 1 1 3 1 3 1 3 1 3 1 3 1 3 1 3 1 3 1 1 1 1 1 1 1 1 1 1 3 1 3 1 3 1 1 3 1 3 1 1 1 1 1 1 1 1 1 1 1 1 1 1 1 1 1 1 1 1 1 1 1 1 1 1 1 1 1 1 1 1 1 1 1 1 1 1 1 1 1 1 1 1 1 1 1 1 1 1 1 1 1 1 1 1 1 1 1 1 1 1 100 1 1 1 1 1 1 1 1 1 100 1 1 1 1 1 1 1 1 1 1 1 1 1 1 1 1 1 1 1 1 1 1 1 1 1 1 1 1 1 1 1 1 1 1 1 1 1 1 1 1 1 1 1 1 1 1 1 1 1 1 1 1 1
staticfield java/lang/invoke/DirectMethodHandle IMPL_NAMES Ljava/lang/invoke/MemberName$Factory; java/lang/invoke/MemberName$Factory
staticfield java/lang/invoke/DirectMethodHandle FT_UNCHECKED_REF I 8
staticfield java/lang/invoke/DirectMethodHandle FT_CHECKED_REF I 9
staticfield java/lang/invoke/DirectMethodHandle ACCESSOR_FORMS [Ljava/lang/invoke/LambdaForm; 120 [Ljava/lang/invoke/LambdaForm;
staticfield java/lang/invoke/DirectMethodHandle ALL_WRAPPERS [Lsun/invoke/util/Wrapper; 10 [Lsun/invoke/util/Wrapper;
staticfield java/lang/invoke/DirectMethodHandle NFS [Ljava/lang/invoke/LambdaForm$NamedFunction; 12 [Ljava/lang/invoke/LambdaForm$NamedFunction;
staticfield java/lang/invoke/DirectMethodHandle OBJ_OBJ_TYPE Ljava/lang/invoke/MethodType; java/lang/invoke/MethodType
staticfield java/lang/invoke/DirectMethodHandle LONG_OBJ_TYPE Ljava/lang/invoke/MethodType; java/lang/invoke/MethodType
staticfield java/lang/invoke/DirectMethodHandle $assertionsDisabled Z 1
ciInstanceKlass java/lang/invoke/MutableCallSite 0 0 61 10 100 12 1 1 1 10 12 1 9 100 12 1 1 1 10 12 1 10 12 1 1 9 100 12 1 1 1 10 100 12 1 1 1 10 100 12 1 1 1 1 1 1 1 1 1 1 1 1 1 1 1 1 1 1 1 1 100 1 1
ciInstanceKlass java/lang/invoke/VolatileCallSite 0 0 37 10 100 12 1 1 1 10 12 1 10 100 12 1 1 1 10 12 1 10 12 1 1 1 1 1 1 1 1 1 1 1 1 1 1 1 1
instanceKlass java/lang/invoke/VarHandleReferences$Array
instanceKlass java/lang/invoke/VarHandleReferences$FieldInstanceReadOnly
instanceKlass java/lang/invoke/VarHandleByteArrayAsDoubles$ByteArrayViewVarHandle
instanceKlass java/lang/invoke/VarHandleByteArrayAsLongs$ByteArrayViewVarHandle
instanceKlass java/lang/invoke/VarHandleByteArrayAsFloats$ByteArrayViewVarHandle
instanceKlass java/lang/invoke/VarHandleByteArrayAsInts$ByteArrayViewVarHandle
instanceKlass java/lang/invoke/VarHandleByteArrayAsChars$ByteArrayViewVarHandle
instanceKlass java/lang/invoke/VarHandleByteArrayAsShorts$ByteArrayViewVarHandle
ciInstanceKlass java/lang/invoke/VarHandle 1 1 474 10 7 12 1 1 1 10 7 12 1 1 9 12 1 1 9 12 1 1 10 12 1 1 8 1 10 12 1 1 10 7 12 1 1 1 10 12 1 1 10 100 12 1 1 1 9 100 12 1 1 1 10 12 1 1 10 100 12 1 1 1 10 12 1 1 9 12 1 10 12 1 9 12 1 1 10 100 12 1 1 10 12 1 9 100 12 1 1 1 9 12 1 1 10 12 1 1 100 1 100 1 10 8 1 10 12 1 1 10 12 1 8 1 10 12 1 10 12 1 9 12 1 1 9 12 1 10 12 1 10 12 1 1 10 12 1 10 10 100 12 1 1 1 10 12 1 1 10 12 1 1 10 100 12 1 1 1 10 100 12 1 1 1 10 100 12 1 1 1 9 12 1 1 9 10 12 1 10 12 1 1 10 12 1 1 10 12 1 10 100 12 1 1 1 9 12 1 1 10 12 1 1 9 12 1 10 12 1 10 12 1 10 100 12 1 1 100 1 10 9 7 12 1 1 1 9 12 1 1 10 7 12 1 1 1 10 12 1 10 12 1 10 12 1 10 12 1 10 12 1 10 12 1 1 8 10 12 1 1 7 1 10 12 1 1 100 1 1 1 1 1 1 1 1 1 1 1 1 1 1 1 1 1 1 1 1 1 1 1 1 1 1 1 1 1 1 1 1 1 1 1 1 1 1 1 1 1 1 1 1 1 1 1 1 1 1 1 1 1 1 1 1 1 1 1 1 1 1 1 1 1 100 1 1 1 1 1 1 1 1 100 1 1 1 1 1 1 1 1 1 1 1 1 100 1 100 1 1 100 1 100 1 100 1 100 1 100 1 100 1 100 1 100 1 100 1 100 1 100 1 100 1 100 1 100 1 100 1 100 1 100 1 100 1 100 1 100 1 100 1 100 1 100 1 100 1 100 1 100 1 100 1 100 1 100 1 100 1 100 1 100 1 100 1 100 1 100 1 100 1 1 1 1 1 1 100 1 1 1 100 1 1 100 1 100 1 100 1 100 1 100 1 100 1 1 1 1 100 1 100 1 100 1 100 1 100 1 100 1 100 1 100 1
staticfield java/lang/invoke/VarHandle VFORM_OFFSET J 16
staticfield java/lang/invoke/VarHandle $assertionsDisabled Z 1
ciInstanceKlass java/lang/invoke/MemberName 1 1 730 7 1 7 1 100 1 9 12 1 1 10 7 12 1 1 1 9 12 1 1 10 12 1 1 10 12 1 1 10 12 1 1 10 12 1 10 12 1 1 10 7 12 1 1 1 10 12 1 9 7 12 1 1 10 12 1 100 1 100 1 10 12 1 8 1 10 12 1 1 10 12 1 10 12 1 1 10 12 1 9 12 1 1 8 1 10 100 12 1 1 1 7 1 10 10 12 1 1 100 1 100 1 10 12 1 9 12 1 1 100 1 8 1 10 12 1 10 12 1 10 12 1 10 12 1 10 12 1 1 10 12 1 10 12 1 10 12 1 1 8 1 8 1 10 12 1 8 1 9 12 1 1 3 10 12 1 10 12 1 10 12 1 10 10 7 12 1 1 1 10 12 1 10 12 1 10 12 1 10 12 1 7 1 8 10 12 1 1 10 12 1 1 8 1 9 100 1 8 9 100 1 10 12 1 1 10 12 1 10 12 1 8 1 10 12 1 1 10 12 1 10 12 1 10 12 1 10 12 1 1 100 1 10 12 1 1 10 12 1 8 1 10 12 1 10 12 1 8 1 10 12 1 1 10 12 1 1 100 1 10 12 1 1 10 12 8 1 8 1 100 1 10 12 1 10 100 12 1 1 1 100 1 10 12 10 12 1 10 12 1 10 12 1 10 12 1 10 10 12 1 10 12 1 10 12 1 3 10 12 1 3 10 12 1 3 3 3 3 3 3 10 12 1 3 9 12 1 10 12 1 1 3 10 12 1 10 10 7 12 1 1 1 10 12 1 1 10 100 12 1 1 10 10 12 1 10 12 1 1 10 12 1 10 10 12 1 1 10 12 1 10 12 1 10 12 1 100 1 10 10 10 12 100 1 10 10 10 12 1 1 10 12 1 1 10 10 12 1 8 10 7 1 10 12 1 10 100 1 10 12 1 10 12 1 10 12 1 10 10 12 1 10 12 1 1 10 12 1 1 10 12 1 10 12 1 10 12 1 100 1 10 12 1 1 100 1 8 1 10 7 1 10 12 1 10 12 10 12 1 1 10 12 1 10 12 1 8 1 8 1 8 1 8 1 10 12 1 10 12 1 10 7 12 1 1 1 8 1 8 1 10 12 1 8 1 10 10 10 12 1 10 12 1 8 1 8 1 10 10 12 1 8 1 10 100 12 1 1 1 8 1 100 1 10 12 1 10 12 1 1 10 12 1 8 1 8 1 8 1 8 1 100 1 10 8 1 8 1 8 1 8 1 10 12 1 100 1 100 1 100 1 10 100 1 10 100 1 10 100 12 1 1 1 9 7 12 1 1 1 100 1 100 1 1 1 1 1 1 1 3 1 3 1 3 1 3 1 3 1 3 1 1 1 1 1 1 1 1 3 1 3 1 1 1 1 1 1 1 1 1 1 1 1 1 1 1 1 1 1 1 1 1 1 1 1 100 1 1 1 1 1 1 1 1 1 1 1 1 1 1 1 1 1 1 1 1 1 1 1 1 1 1 1 1 1 1 1 1 1 1 1 1 1 1 1 1 1 1 1 1 1 1 1 1 1 1 1 1 1 1 1 1 1 1 1 1 1 1 1 1 1 1 1 1 1 1 1 1 1 1 1 1 100 1 1 1 1 1 1 1 1 1 1 1 1 1 1 1 1
staticfield java/lang/invoke/MemberName $assertionsDisabled Z 1
ciInstanceKlass java/lang/invoke/ResolvedMethodName 1 1 25 10 100 12 1 1 1 9 100 12 1 1 1 1 1 1 1 1 1 1 1 1 1 1 1
ciInstanceKlass java/lang/invoke/MethodHandleNatives 1 1 689 100 1 10 7 12 1 1 1 9 7 12 1 1 1 10 12 1 1 100 1 10 10 12 1 1 10 12 1 10 12 1 8 1 8 1 8 1 8 1 8 1 8 1 8 1 8 1 8 1 8 1 10 12 1 1 7 1 10 7 12 1 1 1 10 100 12 1 1 1 7 1 10 10 12 1 1 8 1 10 12 1 8 1 10 12 1 1 8 1 10 12 1 1 9 100 12 1 1 1 8 1 10 100 12 1 1 1 100 1 10 12 100 1 100 1 8 1 7 1 10 10 12 1 7 1 9 7 12 1 1 10 12 1 1 10 12 1 10 7 12 1 1 1 10 12 1 1 9 12 1 8 1 10 12 1 1 10 12 1 8 1 10 12 1 1 7 1 10 12 1 10 7 12 1 1 1 10 12 1 10 12 1 1 10 12 1 1 8 1 10 12 1 1 8 1 10 12 1 8 1 8 1 8 1 100 1 10 12 1 8 1 10 100 12 1 1 1 10 12 1 1 10 100 12 1 1 10 10 12 1 1 10 12 1 10 100 12 1 1 1 100 1 8 1 10 100 12 1 1 1 7 1 8 1 10 12 1 8 1 8 1 8 1 8 1 8 1 10 12 1 1 10 12 1 1 10 12 1 10 12 1 1 10 12 1 1 7 1 10 12 1 100 1 100 1 10 12 1 10 12 1 8 1 8 1 10 10 12 1 1 10 12 1 1 8 1 10 100 12 1 1 8 1 8 1 10 12 1 1 10 7 12 1 1 1 100 1 10 12 1 1 7 1 9 12 1 1 10 7 12 1 1 1 10 10 12 1 9 12 1 10 12 1 9 12 1 9 12 1 10 12 1 1 10 12 1 10 12 1 1 7 1 7 1 10 12 1 1 10 12 1 10 12 1 1 10 7 12 1 1 1 10 12 1 8 1 10 12 1 10 12 1 10 12 1 1 10 12 1 10 7 12 1 1 1 10 12 1 1 100 1 8 1 10 9 7 12 1 1 1 10 12 1 1 10 12 1 1 100 1 10 12 1 1 10 12 1 1 100 1 100 1 10 10 100 1 100 1 10 100 1 10 10 12 1 1 10 100 1 10 12 1 10 12 1 1 10 12 1 1 10 12 1 1 10 12 1 10 12 1 1 10 8 1 10 12 1 10 12 1 10 12 1 10 12 1 10 12 1 1 10 12 1 10 12 1 10 12 1 10 10 7 12 1 1 10 12 1 1 1 1 1 1 1 1 1 1 1 1 1 100 1 1 1 1 1 1 1 1 1 1 1 1 1 1 1 1 1 1 1 1 1 1 1 1 1 1 1 1 1 1 1 1 1 1 1 1 1 1 1 1 1 1 1 1 1 1 1 1 1 1 1 1 1 1 1 1 1 1 1 1 1 1 1 100 1 1 1 1 1 1 1 1 1 1 1 1 1 1 1 1 1 1 1 1 1 1 1 1 1 1 1 1 1 1 1 1 1 1 1 100 1 1 1 1 1 1 1 1 1 1 1 1 1 1 1 1 1 1 1 1 1 1 1 1 1 1 1 1 1 1 1 1 1 1 100 1 1
staticfield java/lang/invoke/MethodHandleNatives $assertionsDisabled Z 1
ciInstanceKlass jdk/internal/foreign/abi/NativeEntryPoint 0 0 223 10 100 12 1 1 1 9 100 12 1 1 1 9 12 1 1 100 1 8 1 10 12 1 10 12 1 1 100 1 10 100 12 1 1 1 10 12 1 9 12 1 1 18 12 1 1 10 100 12 1 1 1 9 100 12 1 1 1 8 1 10 12 1 1 8 1 8 1 8 1 8 1 10 100 12 1 1 1 100 1 10 10 12 1 1 8 1 10 12 1 8 1 10 12 1 10 12 1 1 10 12 1 1 100 1 8 1 10 12 1 10 12 1 1 100 1 8 1 10 10 12 1 9 12 1 1 18 12 1 1 10 100 12 1 1 1 10 12 1 1 10 12 1 10 100 12 1 1 1 10 1 1 1 1 1 1 1 1 1 1 1 1 1 1 1 1 1 1 1 1 1 1 1 1 1 1 1 1 1 1 1 1 1 1 1 1 1 1 1 1 1 1 1 1 16 1 15 10 12 16 1 16 15 10 12 15 10 100 12 1 1 1 1 1 100 1 1 100 1 100 1 1
ciInstanceKlass jdk/internal/foreign/abi/ABIDescriptor 0 0 55 10 100 12 1 1 1 9 100 12 1 1 1 9 12 1 1 9 12 1 9 12 1 9 12 1 1 9 12 1 9 12 1 1 9 12 1 9 12 1 9 12 1 9 12 1 1 1 1 1 1 1 1 1 1
ciInstanceKlass jdk/internal/foreign/abi/VMStorage 0 0 111 10 100 12 1 1 1 9 100 12 1 1 1 9 12 1 1 9 12 1 1 9 12 1 1 100 1 10 8 1 10 12 1 1 10 12 1 10 12 1 1 10 12 1 100 1 10 100 12 1 1 1 10 100 12 1 1 10 100 12 1 1 10 100 12 1 1 1 18 12 1 1 1 1 1 1 1 1 1 1 1 1 1 1 1 1 1 1 1 1 1 1 8 1 15 15 15 15 15 10 100 12 1 1 1 1 100 1 100 1 1
ciInstanceKlass jdk/internal/foreign/abi/UpcallLinker$CallRegs 0 0 66 10 100 12 1 1 1 9 100 12 1 1 1 9 12 1 18 12 1 1 18 12 1 1 18 12 1 1 1 1 1 1 1 1 1 1 1 1 1 1 1 1 1 1 100 1 1 1 8 1 15 15 15 10 100 12 1 1 1 1 1 100 1 100 1 1
instanceKlass java/lang/StackFrameInfo
ciInstanceKlass java/lang/ClassFrameInfo 0 0 126 10 100 12 1 1 1 9 100 12 1 1 1 100 1 3 9 12 1 1 9 12 1 1 100 1 9 12 1 1 3 11 100 12 1 1 1 11 12 1 10 12 1 1 10 12 1 1 10 12 1 100 1 10 10 12 1 1 8 1 8 1 10 12 100 1 10 10 12 1 1 8 1 10 12 1 8 1 10 12 8 1 10 12 1 10 100 12 1 1 1 100 1 1 1 1 1 1 1 1 1 1 1 1 1 1 1 1 1 1 1 1 1 1 1 1 1 1 1 100 1 1 1 1 1 1
ciInstanceKlass java/lang/StackWalker$StackFrame 0 0 41 100 1 10 12 1 1 100 1 100 1 1 1 1 1 1 1 1 1 1 1 1 1 1 1 1 1 1 1 1 1 1 1 1 1 1 1 100 1 1 1
ciInstanceKlass java/lang/StackWalker 0 0 236 9 100 12 1 1 1 10 100 12 1 1 1 100 1 10 100 12 1 1 1 10 12 1 1 11 100 12 1 1 1 10 12 1 1 10 12 1 1 100 1 8 1 10 12 1 10 12 1 10 12 1 10 100 12 1 1 9 12 1 1 9 12 1 1 9 12 1 1 9 12 1 1 10 12 1 1 9 12 1 1 9 12 1 1 9 12 1 1 9 12 1 1 10 12 1 1 10 100 12 1 1 1 10 100 12 1 1 1 18 12 1 1 100 1 8 1 10 8 1 10 12 1 1 10 100 12 1 1 1 10 12 1 1 10 12 1 11 12 1 1 9 100 12 1 1 11 100 12 1 1 1 10 12 1 1 1 1 1 1 1 1 1 1 1 1 1 1 1 1 1 1 1 1 1 1 1 1 1 1 1 1 1 1 1 1 1 1 1 1 1 1 1 1 1 1 1 1 1 1 1 1 1 1 1 1 1 1 1 100 1 1 16 15 10 12 16 1 15 10 100 12 1 1 1 1 1 1 1 1 1 100 1 100 1 1
instanceKlass java/lang/LiveStackFrameInfo
ciInstanceKlass java/lang/StackFrameInfo 0 0 150 10 100 12 1 1 1 9 100 12 1 1 1 9 12 1 1 11 100 12 1 1 1 10 12 1 1 10 100 12 1 1 1 9 12 1 1 10 12 1 1 9 12 1 1 100 1 10 12 10 12 1 9 12 1 100 1 100 1 10 12 1 1 11 12 1 1 10 12 1 10 12 1 10 12 1 1 9 12 1 1 10 12 1 1 10 100 12 1 1 10 12 1 1 9 12 1 10 100 12 1 1 1 9 12 1 1 10 100 1 10 12 1 9 12 1 1 10 12 1 1 10 12 1 1 1 1 1 1 1 1 1 1 1 1 1 1 1 1 100 1 100 1 1 1 1 1 1 1 1
ciInstanceKlass java/lang/LiveStackFrameInfo 0 0 97 10 100 12 1 1 1 9 100 12 1 1 1 9 12 1 9 12 1 9 12 1 9 12 1 1 100 1 10 12 1 1 10 12 1 8 1 10 12 1 1 8 1 8 1 8 1 10 100 1 10 12 1 100 1 10 12 1 100 1 100 1 1 1 3 1 3 1 1 1 1 1 1 1 1 1 1 1 1 1 1 1 1 1 1 1 1 1 1 1 1 1 1 1 100 1 1
ciInstanceKlass java/lang/LiveStackFrame 0 0 112 100 1 10 100 12 1 1 1 11 100 12 1 1 1 11 12 1 9 100 12 1 1 1 10 100 12 1 1 1 10 100 12 1 1 1 11 12 1 10 12 1 100 1 100 1 1 1 1 1 1 1 1 1 1 1 1 1 1 1 1 1 1 1 1 1 1 1 1 1 100 1 1 1 1 1 1 1 100 1 8 1 1 12 10 1 1 1 8 1 1 1 8 1 1 1 8 1 1 1 8 1 1 8 1 1 1 8 1 1 8 1
ciInstanceKlass java/lang/StackStreamFactory$AbstractStackWalker 1 0 364 100 1 100 1 3 10 100 12 1 1 1 10 100 12 1 1 10 100 12 1 1 1 9 12 1 1 9 12 1 1 9 12 1 1 9 12 1 9 12 1 10 100 12 1 1 1 10 12 1 1 10 100 12 1 1 9 12 1 1 9 12 1 1 10 12 1 1 9 12 1 1 10 100 12 1 1 1 10 12 1 1 9 12 1 1 9 100 12 1 1 1 100 1 10 8 1 10 12 1 1 10 12 1 8 1 10 12 1 1 10 100 12 1 1 1 100 1 8 1 10 12 1 8 1 10 12 10 100 12 1 1 9 12 1 1 8 1 5 0 8 1 8 1 9 12 1 1 10 12 1 1 18 12 1 1 10 100 12 1 1 1 10 12 1 1 10 12 1 10 12 1 9 100 12 1 1 1 10 12 1 1 9 12 1 10 12 1 10 12 1 10 12 1 10 12 1 10 12 1 10 12 1 1 8 1 10 12 1 10 12 1 10 12 1 10 12 1 1 8 1 10 12 1 1 10 12 1 1 10 12 1 1 10 12 1 10 12 1 10 12 1 9 12 1 8 1 10 12 1 8 1 10 12 1 10 12 1 1 10 12 1 10 12 1 10 12 1 1 10 12 1 10 12 1 10 12 1 10 12 1 10 12 1 10 12 1 1 10 12 1 10 12 1 10 12 1 10 12 1 8 1 1 1 1 1 1 1 1 1 1 1 1 1 100 1 1 1 1 1 1 100 1 1 1 1 100 1 1 1 1 1 1 1 1 1 1 1 1 1 1 1 1 1 1 16 15 15 10 100 12 1 1 1 1 1 1 1 1 100 1 100 1 1
ciInstanceKlass jdk/internal/module/Modules 1 1 481 10 100 12 1 1 1 9 7 12 1 1 1 11 7 12 1 1 1 11 12 1 1 11 12 1 1 11 12 1 1 11 12 1 11 12 1 11 12 1 11 12 1 11 12 1 11 12 1 1 10 100 12 1 1 1 10 12 1 1 10 100 12 1 1 10 100 12 1 1 1 10 100 12 1 1 10 12 1 1 11 12 1 9 12 1 1 11 100 12 1 1 1 10 12 1 1 10 10 12 1 10 100 1 9 12 1 1 10 100 12 1 1 10 12 1 1 10 100 12 1 1 1 100 1 11 100 12 1 1 1 10 100 12 1 1 1 11 100 12 1 1 10 12 1 1 10 100 12 1 1 10 100 12 1 1 1 10 12 1 1 10 12 1 1 11 12 1 1 18 12 1 1 11 100 12 1 1 10 100 12 1 1 1 11 100 12 1 1 1 100 1 11 12 1 1 11 100 12 1 1 1 11 12 1 1 10 12 1 1 10 100 12 1 1 18 12 1 1 11 12 1 1 18 12 1 1 11 12 1 1 10 12 1 18 18 10 12 1 1 9 12 1 1 11 100 12 1 1 1 100 1 10 11 12 1 11 12 1 1 10 100 1 10 12 1 1 10 100 12 1 1 10 12 1 1 11 12 10 12 1 1 100 1 10 18 12 1 10 12 1 1 100 1 8 1 10 12 1 10 100 12 1 1 18 12 1 11 11 12 10 12 1 10 10 100 1 18 12 1 10 10 10 7 12 1 1 10 7 12 1 1 1 10 12 1 1 1 1 1 1 1 1 1 1 1 1 1 1 1 1 1 1 1 1 1 1 1 1 1 1 1 1 1 1 1 1 1 1 1 1 1 1 1 1 1 1 1 1 1 1 1 1 1 1 1 1 1 1 1 1 1 1 1 1 1 1 1 1 100 1 1 1 1 1 1 1 1 1 1 1 1 1 1 1 1 1 1 1 1 1 1 1 16 15 10 12 1 16 1 16 1 15 10 12 1 16 1 16 1 15 10 12 16 1 15 10 16 1 15 10 12 16 1 16 15 10 12 16 15 10 12 16 15 10 12 15 10 100 12 1 1 1 1 1 1 100 1 100 1 1
staticfield jdk/internal/module/Modules JLA Ljdk/internal/access/JavaLangAccess; java/lang/System$1
staticfield jdk/internal/module/Modules JLMA Ljdk/internal/access/JavaLangModuleAccess; java/lang/module/ModuleDescriptor$1
staticfield jdk/internal/module/Modules $assertionsDisabled Z 1
ciInstanceKlass jdk/internal/loader/ClassLoaders 1 1 185 10 100 12 1 1 1 10 7 12 1 1 1 10 12 1 1 10 100 12 1 1 1 9 7 12 1 1 1 9 12 1 1 9 12 1 1 7 1 11 100 12 1 1 1 100 1 11 12 1 1 11 12 1 1 10 100 12 1 1 1 10 100 12 1 1 1 100 1 100 1 10 7 12 1 1 1 9 12 1 1 8 1 10 7 12 1 1 1 10 12 1 1 7 1 10 12 1 10 12 1 1 7 1 10 12 1 1 10 12 1 1 10 12 1 7 1 10 12 10 12 1 8 1 10 7 12 1 1 8 1 8 1 10 12 1 7 1 10 10 12 1 10 12 1 1 1 1 1 1 1 1 1 1 1 1 1 1 1 1 1 1 1 1 100 1 1 1 1 1 1 1 1 1 1 1 1 1 1 1 1 1 1 1 1
staticfield jdk/internal/loader/ClassLoaders JLA Ljdk/internal/access/JavaLangAccess; java/lang/System$1
staticfield jdk/internal/loader/ClassLoaders BOOT_LOADER Ljdk/internal/loader/ClassLoaders$BootClassLoader; jdk/internal/loader/ClassLoaders$BootClassLoader
staticfield jdk/internal/loader/ClassLoaders PLATFORM_LOADER Ljdk/internal/loader/ClassLoaders$PlatformClassLoader; jdk/internal/loader/ClassLoaders$PlatformClassLoader
staticfield jdk/internal/loader/ClassLoaders APP_LOADER Ljdk/internal/loader/ClassLoaders$AppClassLoader; jdk/internal/loader/ClassLoaders$AppClassLoader
ciInstanceKlass java/util/ArrayList 1 1 514 10 7 12 1 1 1 7 1 9 7 12 1 1 1 9 12 1 100 1 100 1 10 8 1 10 12 1 1 10 12 1 10 12 1 1 10 12 1 9 12 1 11 7 12 1 1 1 9 12 1 1 11 12 1 1 7 10 7 12 1 1 1 9 12 1 10 12 1 10 12 1 1 10 7 12 1 1 1 10 7 12 1 1 1 10 12 1 1 10 12 1 1 10 12 1 1 10 12 1 10 12 1 1 100 1 100 1 10 12 1 10 10 7 12 1 1 1 10 7 12 1 1 10 12 1 100 1 10 10 12 10 12 1 1 10 12 1 1 10 12 1 10 12 10 12 1 1 100 1 10 12 1 1 10 12 1 1 10 12 1 100 1 10 11 12 1 1 11 100 12 1 1 1 11 12 1 10 12 1 10 12 1 10 12 1 1 100 1 10 12 1 1 10 10 12 1 1 10 12 1 8 1 8 1 8 1 8 1 10 12 1 1 10 12 1 1 11 12 1 100 1 10 100 12 1 1 10 12 1 10 12 1 1 10 100 12 1 1 10 12 1 10 100 12 1 1 1 11 100 12 1 1 1 10 12 1 100 1 8 1 10 7 1 10 12 1 7 1 10 12 1 10 12 1 1 7 1 10 12 1 10 12 1 1 11 7 12 1 1 7 1 10 12 1 10 12 1 1 11 100 12 1 1 10 12 1 1 10 12 1 1 10 12 1 1 10 12 1 1 11 100 12 1 1 10 12 1 1 10 12 1 1 100 1 100 1 100 1 1 1 1 5 0 1 3 1 1 1 1 1 1 1 1 1 1 1 1 1 1 1 1 1 1 1 1 1 1 1 1 1 1 1 1 1 1 1 1 1 1 1 1 1 1 1 1 1 1 1 1 1 1 1 1 1 1 1 1 1 1 1 1 1 1 1 1 1 1 1 1 1 1 1 1 1 1 1 1 1 1 1 1 1 1 1 1 1 1 1 1 1 1 1 1 1 1 1 1 1 1 1 1 1 1 1 1 1 1 1 1 100 1 1 1 1 100 1 1 1 1 1 1 1 1 1 1 1 1 1 1 1 1 1 1 1 1 1 1 1 1 1 1 1 1 1 100 1 1 1 1 1 1 1 1 1 1 1 1 1 1 1 1 1 1 1 100 1 100 1 1 1 1 1 1
staticfield java/util/ArrayList EMPTY_ELEMENTDATA [Ljava/lang/Object; 0 [Ljava/lang/Object;
staticfield java/util/ArrayList DEFAULTCAPACITY_EMPTY_ELEMENTDATA [Ljava/lang/Object; 0 [Ljava/lang/Object;
ciInstanceKlass java/util/List 1 1 251 10 100 12 1 1 1 11 100 12 1 1 1 11 100 12 1 1 1 11 12 1 1 11 100 12 1 1 11 12 1 1 11 12 1 1 10 100 12 1 1 1 100 1 100 1 10 12 1 1 100 1 10 100 12 1 1 1 11 12 1 1 11 12 1 11 12 1 100 1 10 12 1 11 12 1 1 11 12 1 1 11 12 1 10 100 12 1 1 1 9 7 12 1 1 1 7 1 10 12 10 12 1 7 1 10 12 1 1 10 12 1 10 12 1 1 11 12 1 1 100 1 1 1 1 1 1 1 1 1 1 1 1 1 1 1 1 1 1 1 1 1 1 1 1 1 1 1 1 1 1 1 1 1 1 1 1 1 1 1 1 1 1 1 1 100 1 100 1 1 1 1 1 1 1 1 1 1 1 1 1 1 1 1 1 1 1 1 1 1 1 1 1 1 1 1 1 1 1 1 1 1 1 1 1 1 1 1 1 1 1 1 1 1 1 1 1 1 1 1 1 1 1 1 1 1 1 1 1 1 1 1 1 1 1 1 1 1 1 1 1 1 1 1 100 1 1 100 1 1 1
ciInstanceKlass java/util/SequencedCollection 1 1 104 100 1 10 12 1 1 11 100 12 1 1 1 11 100 12 1 1 1 11 12 1 1 11 12 1 100 1 100 1 1 1 1 1 1 1 1 1 1 1 1 1 1 1 1 1 1 1 1 1 1 1 1 1 1 1 1 1 100 1 8 1 12 10 1 1 8 1 1 1 8 1 1 8 1 1 1 8 1 1 8 1 1 1 8 1 1 8 1 8 1 1 8 1 1 1 8 1 1 8 1 1 8 1
ciInstanceKlass java/lang/Iterable 1 1 62 10 7 12 1 1 1 11 7 12 1 1 1 11 7 12 1 1 1 11 12 1 1 11 7 12 1 1 1 10 100 12 1 1 1 100 1 1 1 1 1 1 1 1 1 1 1 1 1 1 1 1 1 1 1 1 1 1 1 1 1 1
ciInstanceKlass java/util/RandomAccess 1 0 7 100 1 100 1 1 1
instanceKlass com/google/common/collect/ImmutableCollection
instanceKlass java/util/IdentityHashMap$Values
instanceKlass java/util/HashMap$Values
instanceKlass java/util/AbstractQueue
instanceKlass java/util/LinkedHashMap$LinkedValues
instanceKlass java/util/ArrayDeque
instanceKlass java/util/AbstractSet
instanceKlass java/util/ImmutableCollections$AbstractImmutableCollection
instanceKlass java/util/AbstractList
ciInstanceKlass java/util/AbstractCollection 1 1 160 10 7 12 1 1 1 10 7 12 1 1 1 10 12 1 1 11 7 12 1 1 1 11 12 1 1 10 12 1 1 10 100 12 1 1 1 10 12 1 1 10 12 1 1 10 7 12 1 1 10 100 12 1 1 1 7 1 10 100 12 1 1 1 10 100 12 1 1 1 100 1 10 11 12 1 11 7 1 10 12 1 10 12 1 10 100 12 1 1 1 11 8 1 100 1 10 10 12 1 1 8 1 10 12 1 10 12 1 1 1 1 1 1 1 1 1 1 1 1 1 1 1 1 1 1 1 1 1 1 1 1 1 1 1 1 1 1 1 1 1 1 1 1 1 1 1 1 1 1 1 1 1 1 1 1 1 1 1 1
instanceKlass java/util/Collections$SingletonList
instanceKlass java/util/ArrayList$SubList
instanceKlass java/util/Vector
instanceKlass java/util/Arrays$ArrayList
instanceKlass java/util/AbstractSequentialList
instanceKlass java/util/Collections$EmptyList
instanceKlass java/util/ArrayList
ciInstanceKlass java/util/AbstractList 1 1 218 10 7 12 1 1 1 9 7 12 1 1 1 10 12 1 1 10 12 1 1 100 1 10 10 12 1 1 11 100 12 1 1 1 11 12 1 1 11 12 1 10 100 12 1 1 1 10 12 1 11 12 1 11 12 1 11 12 1 10 12 1 1 10 12 1 1 11 100 12 1 1 1 11 100 1 11 100 1 10 12 1 7 1 10 12 1 10 12 1 1 100 1 100 1 10 12 1 100 1 10 100 1 100 1 10 8 1 10 12 1 1 10 12 1 10 12 1 1 10 12 1 8 1 100 1 8 1 8 1 8 1 10 100 1 11 10 10 12 1 11 12 1 10 12 1 1 8 1 8 1 1 1 1 1 1 1 1 1 1 1 1 1 1 1 1 1 1 1 1 1 1 1 1 1 1 1 1 1 1 1 1 1 1 1 1 1 1 1 1 1 1 1 1 1 1 1 1 1 1 1 1 1 1 1 1 1 1 100 1 100 1 1 1 1 1 1 1
ciInstanceKlass java/lang/annotation/Annotation 1 0 17 100 1 100 1 1 1 1 1 1 1 1 1 1 1 1 1
ciMethod java/util/Map getOrDefault (Ljava/lang/Object;Ljava/lang/Object;)Ljava/lang/Object; 0 0 1 0 -1
instanceKlass sun/net/www/protocol/jar/URLJarFile
ciInstanceKlass java/util/jar/JarFile 1 1 700 7 1 9 12 1 1 9 12 1 100 1 10 12 1 1 7 1 10 12 1 10 12 1 10 12 1 9 12 1 1 10 7 12 1 1 1 9 12 1 10 7 12 1 1 1 9 12 1 9 12 1 1 10 7 12 1 1 1 10 12 1 1 9 12 1 10 12 1 1 9 12 9 12 1 10 12 1 1 100 1 10 12 1 1 9 12 1 1 10 7 12 1 1 1 7 1 10 12 1 1 10 12 1 1 9 12 1 9 12 1 1 11 7 12 1 1 1 100 1 10 7 12 1 1 1 10 12 1 9 12 1 1 9 12 1 1 8 1 10 100 12 1 1 7 1 10 12 1 10 10 12 1 10 12 1 1 10 12 1 10 7 12 1 1 100 1 10 12 1 1 10 12 1 10 12 1 1 10 12 1 1 10 11 12 1 1 11 12 1 1 11 12 1 18 12 1 1 11 100 12 1 1 1 18 12 1 1 11 12 1 1 11 12 1 1 18 18 10 12 7 1 10 12 1 8 1 10 7 12 1 1 1 10 12 1 10 12 1 1 10 12 1 1 100 1 10 12 1 8 1 11 12 1 1 10 7 12 1 1 1 7 1 10 12 10 12 1 1 10 12 1 8 1 10 12 10 12 1 1 10 12 1 11 12 1 1 10 12 1 11 12 1 1 11 100 12 1 1 1 11 100 12 1 1 11 12 1 10 12 1 1 100 1 8 1 10 100 1 9 12 1 1 10 12 1 8 1 10 12 1 9 12 1 1 10 12 1 1 10 12 1 1 100 1 8 1 10 100 12 1 1 10 12 1 8 1 10 12 1 8 1 10 7 12 1 1 1 9 7 12 1 1 8 1 10 12 1 8 1 10 8 1 8 1 10 3 10 12 1 1 10 12 1 1 100 1 8 1 8 1 10 8 1 10 12 1 10 12 1 10 12 1 10 12 1 1 100 1 10 12 1 10 12 1 1 9 12 1 1 9 12 1 10 7 12 1 1 9 12 1 9 12 1 9 12 1 9 12 1 10 12 1 1 9 12 1 9 12 1 9 12 1 7 1 10 7 1 10 12 1 10 12 1 1 9 7 12 1 1 1 10 12 1 1 10 7 12 1 1 9 100 12 1 1 1 10 100 12 1 1 10 12 1 100 1 10 12 10 12 1 10 12 1 10 100 12 1 1 1 10 12 1 1 7 1 10 10 7 12 1 1 1 10 12 1 1 8 1 10 7 12 1 1 1 10 7 12 1 1 10 12 1 8 1 8 1 10 12 1 10 12 1 8 1 10 12 1 1 8 1 1 1 1 1 1 1 1 8 1 1 1 1 1 1 1 1 1 1 1 1 1 1 1 1 1 1 1 1 1 1 1 1 1 100 1 1 1 1 1 1 1 1 1 1 1 1 1 1 1 1 1 1 1 1 1 1 1 1 1 1 1 1 1 1 1 1 1 100 1 1 1 1 1 1 1 1 1 1 1 1 1 100 1 1 1 1 1 1 1 1 1 1 1 1 1 16 15 10 12 16 16 15 10 12 1 16 15 16 16 1 15 10 100 12 1 1 1 1 1 1 1 1 1 1 100 1 100 1 1
staticfield java/util/jar/JarFile BASE_VERSION Ljava/lang/Runtime$Version; java/lang/Runtime$Version
staticfield java/util/jar/JarFile BASE_VERSION_FEATURE I 8
staticfield java/util/jar/JarFile RUNTIME_VERSION Ljava/lang/Runtime$Version; java/lang/Runtime$Version
staticfield java/util/jar/JarFile MULTI_RELEASE_ENABLED Z 1
staticfield java/util/jar/JarFile MULTI_RELEASE_FORCED Z 0
staticfield java/util/jar/JarFile JUZFA Ljdk/internal/access/JavaUtilZipFileAccess; java/util/zip/ZipFile$1
staticfield java/util/jar/JarFile CLASSPATH_CHARS [B 12
staticfield java/util/jar/JarFile CLASSPATH_LASTOCC [B 65
staticfield java/util/jar/JarFile CLASSPATH_OPTOSFT [B 12
staticfield java/util/jar/JarFile MULTIRELEASE_CHARS [B 19
staticfield java/util/jar/JarFile MULTIRELEASE_LASTOCC [B 65
staticfield java/util/jar/JarFile MULTIRELEASE_OPTOSFT [B 19
ciInstanceKlass java/util/zip/ZipConstants 1 0 78 100 1 100 1 1 1 1 5 0 1 5 0 1 5 0 1 5 0 1 1 3 1 3 1 3 1 3 1 3 1 3 1 3 1 3 1 3 1 3 1 1 3 1 3 1 1 1 3 1 1 1 1 1 1 1 3 1 3 1 1 1 3 1 3 1 3 1 3 1 3 1 1 1 1 1 1 1
instanceKlass java/util/jar/JarFile
ciInstanceKlass java/util/zip/ZipFile 1 1 579 7 1 7 1 100 1 7 1 10 12 1 1 7 1 10 12 1 9 7 12 1 1 1 10 12 1 10 7 12 1 1 100 1 100 1 10 8 1 10 12 1 1 10 7 12 1 1 1 10 12 1 1 10 10 12 1 8 1 10 7 12 1 1 1 9 12 1 1 10 12 1 9 12 1 10 7 12 1 1 1 10 7 12 1 1 1 9 12 1 1 7 1 10 12 1 9 12 1 1 10 7 12 1 1 1 10 12 1 1 10 12 1 10 12 1 10 12 1 9 12 1 1 9 7 12 1 1 1 10 12 1 8 1 10 12 1 1 9 7 12 1 9 12 1 1 10 12 1 1 8 1 9 12 1 1 9 12 1 9 10 12 1 1 9 12 1 7 1 9 12 1 10 12 1 10 12 1 1 11 7 12 1 1 1 10 12 1 1 5 0 5 0 7 1 10 12 1 100 1 8 1 10 10 12 1 1 10 12 1 9 12 1 1 8 1 10 12 1 1 100 1 9 12 1 10 12 1 100 1 18 12 1 1 10 12 1 10 100 12 1 1 1 10 12 1 10 12 1 1 100 1 10 12 1 18 18 7 1 9 12 1 1 11 7 12 1 1 1 10 9 12 1 10 12 1 9 12 1 1 10 12 1 9 12 1 10 12 1 9 12 1 9 12 1 9 12 1 10 12 1 10 12 1 3 9 12 1 10 12 1 10 12 1 10 7 12 1 1 1 10 12 1 1 9 12 9 12 1 1 10 12 1 100 1 10 12 1 1 100 1 8 1 10 8 1 8 1 9 12 1 1 9 12 1 100 1 10 10 12 1 11 100 1 11 12 1 1 9 12 1 9 12 1 1 10 12 1 1 10 12 1 1 9 12 1 1 11 7 12 1 1 1 7 1 8 1 10 12 1 1 10 100 12 1 1 8 1 10 12 1 1 100 1 10 12 1 9 12 1 10 7 1 10 10 7 12 1 1 1 100 1 1 1 1 1 3 1 3 1 3 1 3 1 1 1 1 1 1 100 1 1 1 1 1 1 1 1 100 1 1 1 1 1 1 100 1 1 1 1 1 1 1 1 1 1 1 1 1 1 1 100 1 1 1 1 1 1 1 1 1 1 1 1 1 1 1 1 1 1 1 1 1 1 100 1 1 1 1 1 1 1 1 1 1 1 100 1 1 1 1 1 1 1 1 1 1 1 1 1 1 1 1 1 100 1 100 1 100 1 1 16 1 15 10 12 16 15 16 15 10 12 16 15 10 100 12 1 1 1 1 1 1 1 1 1 100 1 1 1 1 1 1 1 100 1 100 1 1
staticfield java/util/zip/ZipFile DISABLE_ZIP64_EXTRA_VALIDATION Z 0
staticfield java/util/zip/ZipFile EMPTY_VERSIONS Ljava/util/BitSet; java/util/BitSet
ciMethod java/util/zip/ZipFile getEntry (Ljava/lang/String;)Ljava/util/zip/ZipEntry; 1024 0 5742 0 2472
ciMethod java/util/zip/ZipFile ensureOpen ()V 1024 0 5632 0 136
ciMethod java/util/zip/ZipFile getMetaInfVersions (Ljava/lang/String;)Ljava/util/BitSet; 730 0 5276 0 0
ciMethod java/util/zip/ZipFile getZipEntry (Ljava/lang/String;I)Ljava/util/zip/ZipEntry; 188 0 934 0 -1
ciMethod java/util/jar/JarFile getVersionedEntry (Ljava/lang/String;Ljava/util/jar/JarEntry;)Ljava/util/jar/JarEntry; 474 0 5357 0 -1
ciInstanceKlass jdk/internal/access/JavaUtilZipFileAccess 1 0 31 100 1 100 1 1 1 1 1 1 1 1 1 1 1 1 1 1 1 1 1 1 1 1 1 1 1 1 1 1 1
ciMethod jdk/internal/access/JavaUtilZipFileAccess getMetaInfVersions (Ljava/util/jar/JarFile;Ljava/lang/String;)Ljava/util/BitSet; 0 0 1 0 -1
instanceKlass java/util/LinkedHashMap$Entry
ciInstanceKlass java/util/HashMap$Node 1 1 95 10 7 12 1 1 1 9 7 12 1 1 1 9 12 1 1 9 12 1 9 12 1 1 100 1 10 10 12 1 1 8 1 10 12 1 10 12 1 1 10 100 12 1 1 1 100 1 11 12 1 1 10 12 1 1 11 12 1 1 1 1 1 1 1 1 1 1 1 1 1 1 1 1 1 1 1 1 1 1 1 1 1 1 1 1 1 1 100 1 1 1 100 1 1
ciInstanceKlass java/util/HashMap$TreeNode 0 0 250 100 1 10 100 12 1 1 1 9 100 12 1 1 1 9 12 1 1 9 12 1 9 12 1 1 9 12 1 1 10 12 1 1 100 1 10 12 1 9 12 1 9 12 1 9 12 1 1 10 100 12 1 1 1 10 12 1 1 10 12 1 1 10 12 1 1 10 12 1 1 10 12 1 1 10 100 12 1 1 1 10 100 12 1 1 1 10 100 12 1 1 1 9 12 1 10 12 1 1 10 12 1 1 10 12 1 1 10 12 1 1 9 100 1 10 12 1 1 10 12 1 1 10 12 1 10 12 1 1 10 12 1 10 12 1 10 12 1 1 1 1 1 1 1 1 1 1 1 1 1 1 1 1 1 1 1 1 1 1 1 1 1 1 100 1 1 1 1 1 1 1 1 1 1 1 1 1 1 1 1 1 1 1 1 1 1 1 1 1 1 1 1 1 1 1 1 1 1 1 1 1 1 1 1 1 1 1 1 1 1 1 1 1 1 1 1 1 1 1 1 1 1 1 1 1 1 1 1 1 1 1 1 1 1 1 1 1 1 1 1 1 1 1 1 100 1 1 1 1
instanceKlass java/util/HashMap$TreeNode
ciInstanceKlass java/util/LinkedHashMap$Entry 1 1 41 10 7 12 1 1 1 100 1 1 1 1 1 1 1 1 1 1 1 1 1 1 1 1 1 1 1 1 1 1 1 1 1 1 100 1 1 100 1 1 1
ciMethod java/util/HashMap$TreeNode getTreeNode (ILjava/lang/Object;)Ljava/util/HashMap$TreeNode; 0 0 1 0 -1
ciInstanceKlass java/util/BitSet 1 1 421 7 1 9 12 1 1 9 12 1 1 9 12 1 1 100 1 10 12 1 1 10 7 1 9 12 1 10 12 1 1 100 1 100 1 10 8 1 10 12 1 1 10 12 1 10 12 1 1 10 12 1 10 12 1 1 10 12 1 10 100 12 1 1 1 10 12 1 10 100 12 1 1 1 10 12 1 1 10 12 1 1 10 12 1 10 100 12 1 1 1 10 12 1 1 10 12 1 9 100 12 1 1 1 10 12 1 1 10 10 12 1 10 12 1 1 10 12 1 1 10 12 1 5 0 10 12 1 1 10 12 1 1 10 100 12 1 1 1 10 12 1 100 1 8 1 10 8 1 8 1 8 1 8 1 10 12 1 10 12 1 10 12 1 1 5 0 10 12 1 10 12 1 10 12 10 12 10 12 1 10 12 10 100 12 1 1 1 8 1 10 12 1 10 12 1 10 12 1 10 100 12 1 1 1 5 0 10 100 12 1 1 1 10 12 1 10 12 1 1 10 7 100 1 100 1 10 12 1 10 100 12 1 1 1 8 1 10 100 12 1 1 10 12 1 10 100 12 1 1 1 10 100 12 1 1 3 10 12 1 3 10 10 12 1 10 12 1 10 12 1 8 1 100 1 10 12 1 10 100 12 1 1 1 10 7 12 1 1 1 7 1 10 12 1 9 12 1 1 100 1 100 1 1 1 3 1 3 1 3 1 1 1 5 0 1 1 1 1 1 1 1 1 1 1 1 1 1 1 1 1 1 1 1 1 1 1 1 1 1 100 1 1 1 1 1 1 1 1 1 1 1 1 1 1 1 1 1 1 1 1 1 1 1 1 1 1 1 1 1 1 1 1 1 1 1 1 1 1 1 1 1 1 1 1 1 1 1 1 1 1 100 1 1 1 1 1 100 1 1 1 1 1 1 1 1 1 1 1 1 1 1 1 1 1 1 100 1 100 1 1
staticfield java/util/BitSet serialPersistentFields [Ljava/io/ObjectStreamField; 1 [Ljava/io/ObjectStreamField;
staticfield java/util/BitSet $assertionsDisabled Z 1
ciMethod java/util/BitSet length ()I 1024 0 5283 0 0
ciMethod java/util/BitSet previousSetBit (I)I 730 0 5276 0 0
ciMethod java/util/BitSet checkInvariants ()V 512 0 5376 0 80
ciMethod java/util/BitSet wordIndex (I)I 778 0 7130 0 0
instanceKlass sun/net/www/protocol/jar/URLJarFile$URLJarFileEntry
instanceKlass java/util/jar/JarFile$JarFileEntry
ciInstanceKlass java/util/jar/JarEntry 1 1 60 10 7 12 1 1 1 10 12 1 10 7 1 9 12 1 1 9 12 1 1 9 12 1 1 10 100 12 1 1 10 100 10 12 1 1 1 1 1 1 1 1 1 1 1 1 1 1 1 1 100 1 1 1 1 1 1 1 1 1
instanceKlass java/util/jar/JarEntry
ciInstanceKlass java/util/zip/ZipEntry 1 1 341 100 1 7 1 10 7 12 1 1 1 5 0 9 7 12 1 1 1 9 12 1 9 12 1 9 12 1 9 12 1 1 9 12 1 1 9 12 1 9 12 1 8 1 10 7 12 1 1 1 10 12 1 1 100 1 8 1 10 12 1 9 12 1 8 1 9 12 1 1 9 12 1 9 12 1 9 12 1 1 9 12 1 10 12 1 1 5 0 5 0 10 12 1 1 10 100 12 1 1 1 9 100 12 1 1 1 10 100 12 1 1 1 10 12 1 1 10 12 1 10 12 1 10 12 1 10 12 1 10 12 1 10 12 1 5 0 10 12 1 3 10 100 12 1 1 1 10 100 12 1 1 1 10 12 1 1 10 12 1 10 10 12 1 1 5 0 5 0 5 0 5 0 5 0 5 0 10 12 1 8 1 10 12 1 1 10 12 1 8 1 8 1 8 1 8 1 8 1 10 12 1 1 8 1 10 12 1 1 10 12 1 1 5 0 10 12 1 1 10 7 12 1 1 1 10 12 1 10 12 1 8 1 8 1 10 7 12 1 1 1 10 12 1 1 10 12 1 10 12 1 1 10 100 100 1 100 1 10 12 1 10 12 1 100 1 5 0 5 0 100 1 1 1 3 1 3 1 1 1 3 1 1 1 1 1 1 1 1 1 1 1 1 1 1 1 1 1 1 1 1 1 1 1 1 1 1 1 1 1 1 1 1 1 1 1 1 1 1 1 1 1 1 1 1 1 1 1 1 1 1 1 1 1 1 1 1 1 1 1 1
ciInstanceKlass java/util/jar/JarFile$JarFileEntry 1 1 135 10 7 12 1 1 1 9 7 12 1 1 1 10 7 12 1 1 1 9 12 1 1 10 12 1 10 7 12 1 1 1 10 12 1 1 10 100 12 1 1 1 10 12 1 1 100 1 100 1 10 12 1 9 12 1 1 9 12 1 1 10 12 1 1 10 100 12 1 1 1 10 100 12 1 1 9 12 1 1 10 12 1 1 10 100 10 12 1 1 9 12 1 1 9 12 1 10 100 12 1 1 1 10 12 1 1 1 1 1 1 1 1 1 1 1 1 1 1 1 1 1 1 1 1 1 1 1 1 1 1 1 1 1 1
ciMethod java/util/jar/JarFile$JarFileEntry withBasename (Ljava/lang/String;)Ljava/util/jar/JarFile$JarFileEntry; 0 0 1 0 0
instanceKlass java/util/zip/ZipCoder$UTF8ZipCoder
ciInstanceKlass java/util/zip/ZipCoder 1 1 232 9 7 12 1 1 1 9 7 12 1 1 1 10 12 1 1 10 12 1 1 10 100 12 1 1 1 10 100 12 1 1 1 10 100 12 1 1 1 100 1 100 1 10 12 1 10 12 1 10 12 1 1 10 12 1 10 100 12 1 1 1 10 12 1 1 10 12 1 10 12 1 1 10 12 1 10 12 1 1 10 12 1 1 10 7 1 10 10 12 1 10 7 12 1 1 10 12 1 10 12 1 1 10 7 12 1 1 9 12 1 1 9 12 1 1 10 100 12 1 1 9 100 12 1 1 1 10 12 1 1 10 12 1 9 12 1 1 10 12 1 10 12 1 10 12 10 12 1 1 8 1 10 12 1 10 7 12 1 1 1 9 12 1 1 10 1 1 1 3 1 3 1 3 1 1 1 1 1 1 1 1 1 1 1 1 1 1 1 1 1 1 1 1 1 1 1 1 1 1 1 1 1 1 1 1 1 1 1 1 100 100 1 100 1 1 1 1 1 1 1 1 1 1 1 1 1 1 1 1 1 1
staticfield java/util/zip/ZipCoder JLA Ljdk/internal/access/JavaLangAccess; java/lang/System$1
staticfield java/util/zip/ZipCoder UTF8 Ljava/util/zip/ZipCoder$UTF8ZipCoder; java/util/zip/ZipCoder$UTF8ZipCoder
ciMethod java/util/zip/ZipCoder hash (Ljava/lang/String;)I 104 0 5172 0 800
ciInstanceKlass java/util/zip/ZipFile$CleanableResource 1 1 184 7 1 10 7 12 1 1 1 9 7 12 1 1 1 100 1 8 1 10 12 1 10 7 12 1 1 1 10 7 12 1 1 1 9 12 1 1 7 1 10 10 7 12 1 1 1 9 12 1 1 7 1 10 9 12 1 1 10 7 12 1 1 1 9 12 1 1 11 7 12 1 1 11 7 12 1 1 1 7 1 10 12 1 10 12 1 11 12 1 1 10 12 1 11 7 12 1 1 1 100 1 11 12 1 1 100 1 11 12 1 10 12 1 100 1 10 12 1 1 10 12 1 1 100 1 10 12 1 10 7 12 1 1 100 1 1 1 1 1 1 1 1 1 1 1 1 1 1 1 1 1 1 1 100 1 100 1 1 1 1 1 1 100 1 1 1 1 1 1 1 1 1 1 1 1 1 1 1 1 1 1 1 1
staticfield java/util/zip/ZipFile$CleanableResource $assertionsDisabled Z 1
ciInstanceKlass java/util/zip/ZipFile$Source 1 1 738 100 1 100 1 100 1 7 1 7 1 9 7 12 1 1 1 10 12 1 1 5 0 8 1 10 12 1 1 10 12 1 1 10 12 1 8 1 100 1 10 12 1 1 8 1 10 12 1 1 10 12 1 8 1 10 12 1 1 10 12 1 10 12 1 10 12 1 3 8 1 9 12 1 1 10 12 1 1 10 12 1 5 0 10 12 1 10 12 1 10 12 1 8 1 10 7 12 1 1 1 3 9 12 1 1 9 12 1 1 9 12 1 10 12 1 100 1 8 1 8 1 8 1 7 1 10 12 1 8 1 7 1 10 12 1 1 10 7 12 1 1 1 10 12 1 1 8 1 10 12 1 1 100 1 10 12 1 8 1 8 1 8 1 8 1 8 1 8 1 7 1 9 12 1 1 10 7 12 1 1 10 7 12 1 1 7 1 7 1 10 7 12 1 1 1 10 12 1 1 10 12 1 100 1 100 1 10 12 1 9 12 1 1 10 7 12 1 1 1 9 12 1 10 12 1 10 12 1 1 10 12 1 9 12 1 1 10 12 1 10 9 12 1 9 12 1 10 100 12 1 1 1 10 7 12 1 1 1 9 12 1 1 8 1 11 100 12 1 1 1 9 12 1 1 7 1 10 12 1 10 12 1 10 12 1 1 10 12 1 1 10 12 1 1 5 0 9 12 1 10 9 12 1 9 12 1 1 10 12 1 1 10 7 12 1 1 1 10 12 1 1 10 12 1 10 12 1 1 8 1 7 1 10 5 0 10 7 12 1 1 1 8 1 10 12 1 5 0 10 12 1 1 10 12 1 1 9 12 1 1 10 12 1 9 12 1 10 12 1 9 12 1 9 12 1 10 12 1 5 0 9 12 1 8 1 5 0 5 0 10 12 1 5 0 10 12 1 10 12 1 10 12 1 5 0 100 1 10 12 10 12 1 1 9 12 1 9 12 1 8 1 8 1 5 0 8 1 5 0 8 1 8 1 10 12 1 1 10 12 1 10 12 1 10 12 1 1 10 12 1 1 10 12 1 1 10 12 1 1 10 12 1 100 1 10 12 1 10 12 1 1 10 12 1 10 7 12 1 1 1 10 18 12 1 1 11 7 12 1 1 1 7 1 10 12 1 10 12 1 1 10 12 1 1 10 12 1 10 12 1 11 12 1 1 10 12 1 1 10 12 1 10 12 1 10 12 1 1 7 1 10 12 1 10 12 1 8 1 9 12 1 9 100 12 1 1 1 10 12 1 9 100 12 1 1 1 10 12 1 1 10 100 12 1 1 1 100 1 10 10 12 1 10 10 7 12 1 1 10 12 1 1 9 12 1 1 10 7 12 1 1 1 1 1 3 1 3 1 3 1 1 1 3 1 1 3 1 1 1 1 1 1 1 1 1 1 1 1 1 1 1 1 1 1 1 1 1 1 100 1 1 1 1 1 1 1 1 1 1 1 1 1 1 1 1 1 1 1 1 1 100 1 1 1 1 1 1 1 1 1 1 1 1 1 1 1 1 1 1 1 1 1 1 1 1 1 1 1 1 1 1 1 1 1 1 1 1 1 1 1 100 1 1 1 1 1 1 1 1 1 1 1 1 1 1 1 1 1 1 1 1 1 1 1 1 16 15 10 12 16 15 10 7 12 1 1 1 1 1 1 1 1 100 1 100 1 1
staticfield java/util/zip/ZipFile$Source JUJA Ljdk/internal/access/JavaUtilJarAccess; java/util/jar/JavaUtilJarAccessImpl
staticfield java/util/zip/ZipFile$Source files Ljava/util/HashMap; java/util/HashMap
staticfield java/util/zip/ZipFile$Source builtInFS Ljava/nio/file/FileSystem; sun/nio/fs/WindowsFileSystem
staticfield java/util/zip/ZipFile$Source $assertionsDisabled Z 1
ciMethod java/util/zip/ZipFile$Source getEntryPos (Ljava/lang/String;ZLjava/util/zip/ZipCoder;)Ljava/util/zip/ZipFile$EntryPos; 1024 1898 5673 0 -1
ciInstanceKlass java/util/zip/ZipFile$EntryPos 1 1 66 10 7 12 1 1 1 9 7 12 1 1 1 9 12 1 1 18 12 1 1 18 12 1 1 18 12 1 1 1 1 1 1 1 1 1 1 1 1 1 1 1 1 1 7 1 1 1 8 1 15 15 15 10 100 12 1 1 1 1 1 100 1 100 1 1
ciInstanceKlass java/util/zip/ZipFile$1 1 1 102 10 7 12 1 1 1 9 7 12 1 1 1 9 100 12 1 1 1 9 100 12 1 1 1 10 12 1 1 10 12 1 1 10 12 1 1 10 12 1 1 10 12 1 1 10 12 1 1 10 12 1 9 100 12 1 1 1 100 1 100 1 1 1 1 1 1 1 1 1 1 1 1 1 1 1 1 1 1 1 1 1 1 1 1 1 1 1 1 1 1 1 1 1 1 1 1 1 1 1 1 1
ciMethod java/util/zip/ZipFile$1 getMetaInfVersions (Ljava/util/jar/JarFile;Ljava/lang/String;)Ljava/util/BitSet; 730 0 5276 0 0
ciInstanceKlass java/util/zip/ZipFile$Source$Key 1 1 82 10 7 12 1 1 1 9 7 12 1 1 1 9 12 1 1 9 12 1 1 10 7 12 1 1 1 11 7 12 1 1 1 10 7 12 1 1 1 11 12 1 1 10 7 12 1 1 10 10 7 1 10 12 1 1 10 10 10 1 1 1 1 1 1 1 1 1 1 1 1 1 1 1 1 7 1 1 100 1 1 1
ciMethod java/util/HashMap getNode (Ljava/lang/Object;)Ljava/util/HashMap$Node; 1024 28 5673 0 616
ciMethod java/util/HashMap hash (Ljava/lang/Object;)I 1024 0 11469 0 0
ciMethod java/util/Objects requireNonNull (Ljava/lang/Object;Ljava/lang/String;)Ljava/lang/Object; 1024 0 16794 0 -1
ciMethod jdk/internal/util/ArraysSupport utf16hashCode (I[BII)I 0 0 1 0 -1
ciMethod jdk/internal/util/ArraysSupport unsignedHashCode (I[BII)I 246 8192 1239 0 392
ciMethod jdk/internal/util/ArraysSupport hashCodeOfUnsigned ([BIII)I 94 0 6191 0 520
ciMethod jdk/internal/util/ArraysSupport mismatch ([BI[BII)I 594 492 5418 0 544
ciMethod jdk/internal/util/ArraysSupport vectorizedMismatch (Ljava/lang/Object;JLjava/lang/Object;JII)I 158 380 79 0 -1
ciMethod jdk/internal/util/ArraysSupport vectorizedHashCode (Ljava/lang/Object;IIII)I 536 0 6190 0 0
ciMethod jdk/internal/util/ArraysSupport hashCode (I[III)I 0 0 1 0 -1
ciMethod jdk/internal/util/ArraysSupport hashCode (I[SII)I 0 0 1 0 -1
ciMethod jdk/internal/util/ArraysSupport hashCode (I[CII)I 0 0 1 0 -1
ciMethod jdk/internal/util/ArraysSupport hashCode (I[BII)I 0 0 1 0 -1
ciMethod java/lang/String startsWith (Ljava/lang/String;I)Z 524 0 6447 0 664
ciMethod java/lang/String startsWith (Ljava/lang/String;)Z 768 0 17242 0 568
ciMethod java/lang/String isLatin1 ()Z 1024 0 218022 0 88
ciMethod java/lang/String coder ()B 1024 0 160073 0 80
ciMethod java/lang/String checkIndex (II)V 1024 0 180301 0 120
ciMethod java/lang/String <init> (Ljava/lang/AbstractStringBuilder;Ljava/lang/Void;)V 104 0 3952 0 -1
ciMethod java/lang/Object <init> ()V 1024 0 95167 0 80
instanceKlass java/util/concurrent/CancellationException
ciInstanceKlass java/lang/IllegalStateException 0 0 35 10 100 12 1 1 1 10 12 1 10 12 1 10 12 1 100 1 1 1 1 5 0 1 1 1 1 1 1 1 1 1 1 1 1
ciInstanceKlass java/lang/AssertionError 0 0 79 10 100 12 1 1 1 10 12 1 10 100 12 1 1 1 10 100 1 100 1 10 12 1 1 10 12 1 10 12 1 10 12 1 10 12 1 10 12 1 10 12 1 10 12 1 1 1 1 5 0 1 1 1 1 1 1 1 1 1 1 100 1 1 1 1 1 1 1 1 1 1 1 1 1 1 1 1 1
ciMethodData java/lang/Byte toUnsignedInt (B)I 2 51177 orig 80 0 0 0 0 0 0 0 0 0 0 0 0 0 0 0 0 0 0 0 0 0 0 0 0 0 0 0 0 0 0 0 0 0 0 0 0 0 0 0 0 0 0 0 0 0 0 0 0 0 0 0 0 0 0 0 0 0 0 0 0 0 0 0 0 0 0 0 0 0 0 0 0 0 0 0 0 0 0 0 0 data 4 0x0 0x9 0x1 0x0 oops 0 methods 0
ciMethodData java/lang/Object <init> ()V 2 94655 orig 80 0 0 0 0 0 0 0 0 0 0 0 0 0 0 0 0 0 0 0 0 0 0 0 0 0 0 0 0 0 0 0 0 0 0 0 0 0 0 0 0 0 0 0 0 0 0 0 0 0 0 0 0 0 0 0 0 0 0 0 0 0 0 0 0 0 0 0 0 0 0 0 0 0 0 0 0 0 0 0 0 data 4 0x0 0x9 0x1 0x0 oops 0 methods 0
ciMethodData java/lang/String hashCode ()I 2 5691 orig 80 0 0 0 0 0 0 0 0 0 0 0 0 0 0 0 0 0 0 0 0 0 0 0 0 0 0 0 0 0 0 0 0 0 0 0 0 0 0 0 0 0 0 0 0 0 0 0 0 0 0 0 0 0 0 0 0 0 0 0 0 0 0 0 0 0 0 0 0 0 0 0 0 0 0 0 0 0 0 0 0 data 41 0x60007 0x1038 0x100 0x604 0xd0007 0x4 0xe0 0x600 0x110005 0x9 0x1477dffc888 0x5f7 0x0 0x0 0x140007 0x0 0x48 0x600 0x1b0002 0x600 0x1e0003 0x600 0x28 0x250002 0x0 0x2a0007 0x600 0x38 0x0 0x320003 0x0 0x18 0x0 0x0 0x0 0x0 0x0 0x0 0x9 0x1 0x0 oops 1 10 java/lang/String methods 0
ciMethodData java/util/HashMap hash (Ljava/lang/Object;)I 2 10957 orig 80 0 0 0 0 0 0 0 0 0 0 0 0 0 0 0 0 0 0 0 0 0 0 0 0 0 0 0 0 0 0 0 0 0 0 0 0 0 0 0 0 0 0 0 0 0 0 0 0 0 0 0 0 0 0 0 0 0 0 0 0 0 0 0 0 0 0 0 0 0 0 0 0 0 0 0 0 0 0 0 0 data 22 0x10007 0x2ace 0x38 0x0 0x50003 0x0 0x48 0x90005 0x155b 0x1477dffdeb0 0x16b 0x1477dffc888 0x1408 0x0 0x0 0x0 0x0 0x0 0x0 0x9 0x1 0x0 oops 2 9 java/lang/Module 11 java/lang/String methods 0
ciMethodData java/util/HashMap getNode (Ljava/lang/Object;)Ljava/util/HashMap$Node; 2 5161 orig 80 0 0 0 0 0 0 0 0 0 0 0 0 0 0 0 0 0 0 0 0 3 0 0 0 0 0 0 0 0 0 0 0 0 0 0 0 0 0 0 0 0 0 0 0 0 0 0 0 0 0 0 0 0 0 0 0 0 0 0 0 0 0 0 0 0 0 0 0 0 0 0 0 0 0 0 0 0 0 0 0 data 98 0x60007 0xf6 0x2c0 0x1334 0xe0007 0x0 0x2a0 0x1334 0x170002 0x1334 0x210007 0xca1 0x270 0x693 0x2a0007 0x52f 0xb0 0x164 0x350007 0x14f 0x90 0x15 0x390007 0x0 0x70 0x15 0x3f0005 0x1 0x1477dffc888 0x11 0x1477ed45770 0x3 0x420007 0x0 0x20 0x15 0x4e0007 0x3bb 0x1a0 0x174 0x520004 0x0 0x1477e4168e0 0x138 0x1477ed45818 0x3c 0x550007 0x174 0x80 0x0 0x590004 0x0 0x0 0x0 0x0 0x0 0x5f0005 0x0 0x0 0x0 0x0 0x0 0x6a0007 0x1a0 0xb0 0x5b 0x760007 0x52 0x90 0x9 0x7a0007 0x0 0x70 0x9 0x400800005 0x0 0x1477dffc888 0x9 0x1477ed45770 0x3 0x830007 0x0 0x20 0xc 0x910007 0x87 0xffffffffffffff50 0x119 0x0 0x0 0x0 0x0 0x0 0x0 0x9 0x2 0x0 0x0 oops 6 28 java/lang/String 30 java/util/zip/ZipFile$Source$Key 42 java/util/HashMap$Node 44 java/util/LinkedHashMap$Entry 76 java/lang/String 78 java/util/zip/ZipFile$Source$Key methods 0
ciMethodData java/lang/String isLatin1 ()Z 2 217614 orig 80 0 0 0 0 0 0 0 0 0 0 0 0 0 0 0 0 0 0 0 0 0 0 0 0 0 0 0 0 0 0 0 0 0 0 0 0 0 0 0 0 0 0 0 0 0 0 0 0 0 0 0 0 0 0 0 0 0 0 0 0 0 0 0 0 0 0 0 0 0 0 0 0 0 0 0 0 0 0 0 0 data 18 0x30007 0x0 0x58 0x3520f 0xa0007 0x3 0x38 0x3520c 0xe0003 0x3520c 0x18 0x0 0x0 0x0 0x0 0x9 0x1 0x0 oops 0 methods 0
ciMethodData java/lang/String charAt (I)C 2 179567 orig 80 0 0 0 0 0 0 0 0 0 0 0 0 0 0 0 0 0 0 0 0 0 0 0 0 0 0 0 0 0 0 0 0 0 0 0 0 0 0 0 0 0 0 0 0 0 0 0 0 0 0 0 0 0 0 0 0 0 0 0 0 0 0 0 0 0 0 0 0 0 0 0 0 0 0 0 0 0 0 0 0 data 24 0x10005 0x172 0x1477dffc888 0x2bbfe 0x0 0x0 0x40007 0x3 0x30 0x2bd6d 0xc0002 0x2bd6d 0x150002 0x3 0x0 0x0 0x0 0x0 0x0 0x0 0x9 0x2 0x0 0x0 oops 1 2 java/lang/String methods 0
ciMethodData java/lang/String checkIndex (II)V 2 179789 orig 80 0 0 0 0 0 0 0 0 0 0 0 0 0 0 0 0 0 0 0 0 0 0 0 0 0 0 0 0 0 0 0 0 0 0 0 0 0 0 0 0 0 0 0 0 0 0 0 0 0 0 0 0 0 0 0 0 0 0 0 0 0 0 0 0 0 0 0 0 0 0 0 0 0 0 0 0 0 0 0 0 data 12 0x50002 0x2be4e 0x0 0x0 0x0 0x0 0x0 0x0 0x9 0x2 0x0 0x0 oops 0 methods 0
ciMethodData java/lang/StringLatin1 charAt ([BI)C 2 179563 orig 80 0 0 0 0 0 0 0 0 0 0 0 0 0 0 0 0 0 0 0 0 0 0 0 0 0 0 0 0 0 0 0 0 0 0 0 0 0 0 0 0 0 0 0 0 0 0 0 0 0 0 0 0 0 0 0 0 0 0 0 0 0 0 0 0 0 0 0 0 0 0 0 0 0 0 0 0 0 0 0 0 data 12 0x30002 0x2bd6c 0x0 0x0 0x0 0x0 0x0 0x0 0x9 0x2 0x0 0x0 oops 0 methods 0
ciMethodData java/lang/StringUTF16 charAt ([BI)C 1 4 orig 80 0 0 0 0 0 0 0 0 0 0 0 0 0 0 0 0 0 0 0 0 0 0 0 0 0 0 0 0 0 0 0 0 0 0 0 0 0 0 0 0 0 0 0 0 0 0 0 0 0 0 0 0 0 0 0 0 0 0 0 0 0 0 0 0 0 0 0 0 0 0 0 0 0 0 0 0 0 0 0 0 data 14 0x20002 0x4 0x70002 0x1 0x0 0x0 0x0 0x0 0x0 0x0 0x9 0x2 0x0 0x0 oops 0 methods 0
ciMethodData java/lang/StringLatin1 hashCode ([B)I 2 1527 orig 80 0 0 0 0 0 0 0 0 0 0 0 0 0 0 0 0 0 0 0 0 0 0 0 0 0 0 0 0 0 0 0 0 0 0 0 0 0 0 0 0 0 0 0 0 0 0 0 0 0 0 0 0 0 0 0 0 0 0 0 0 0 0 0 0 0 0 0 0 0 0 0 0 0 0 0 0 0 0 0 0 data 11 0x50002 0x5f7 0x0 0x0 0x0 0x0 0x0 0x0 0x9 0x1 0x0 oops 0 methods 0
ciMethodData jdk/internal/util/ArraysSupport hashCodeOfUnsigned ([BIII)I 2 6144 orig 80 0 0 0 0 0 0 0 0 0 0 0 0 0 0 0 0 0 0 0 0 0 0 0 0 0 0 0 0 0 0 0 0 0 0 0 0 0 0 0 0 0 0 0 0 0 0 0 0 0 0 0 0 0 0 0 0 0 0 0 0 0 0 0 0 0 0 0 0 0 0 0 0 0 0 0 0 0 0 0 0 data 30 0x10008 0x6 0x17ff 0x80 0x0 0x40 0x1 0x58 0x1d0003 0x0 0x50 0x270002 0x1 0x2b0003 0x1 0x28 0x330002 0x17ff 0x0 0x0 0x0 0x0 0x0 0x0 0x9 0x4 0x0 0x0 0x0 0x0 oops 0 methods 0
ciMethodData java/lang/String coder ()B 2 159771 orig 80 0 0 0 0 0 0 0 0 0 0 0 0 0 0 0 0 0 0 0 0 0 0 0 0 0 0 0 0 0 0 0 0 0 0 0 0 0 0 0 0 0 0 0 0 0 0 0 0 0 0 0 0 0 0 0 0 0 0 0 0 0 0 0 0 0 0 0 0 0 0 0 0 0 0 0 0 0 0 0 0 data 14 0x30007 0x0 0x38 0x2701c 0xa0003 0x2701c 0x18 0x0 0x0 0x0 0x0 0x9 0x1 0x0 oops 0 methods 0
ciMethodData java/lang/String length ()I 2 110305 orig 80 0 0 0 0 0 0 0 0 0 0 0 0 0 0 0 0 0 0 0 0 0 0 0 0 0 0 0 0 0 0 0 0 0 0 0 0 0 0 0 0 0 0 0 0 0 0 0 0 0 0 0 0 0 0 0 0 0 0 0 0 0 0 0 0 0 0 0 0 0 0 0 0 0 0 0 0 0 0 0 0 data 15 0x60005 0x0 0x1477dffc888 0x1aee1 0x0 0x0 0x0 0x0 0x0 0x0 0x0 0x0 0x9 0x1 0xffffffffffffffff oops 1 2 java/lang/String methods 0
ciMethodData jdk/internal/util/ArraysSupport unsignedHashCode (I[BII)I 2 1116 orig 80 0 0 0 0 0 0 0 0 0 0 0 0 0 0 0 0 0 0 0 0 0 0 0 0 0 0 0 0 0 0 0 0 0 0 0 0 0 0 0 0 0 0 0 0 0 0 0 0 0 0 0 0 0 0 0 0 0 0 0 0 0 0 0 0 0 0 0 0 0 0 0 0 0 0 0 0 0 0 0 0 data 21 0xc0007 0x45c 0x48 0xb4bd 0x170002 0xb4bd 0x1f0003 0xb4bd 0xffffffffffffffd0 0x0 0x0 0x0 0x0 0x0 0x0 0x9 0x4 0x0 0x0 0x0 0x0 oops 0 methods 0
ciMethodData jdk/internal/util/ArraysSupport vectorizedHashCode (Ljava/lang/Object;IIII)I 2 5922 orig 80 0 0 0 0 0 0 0 0 0 0 0 0 0 0 0 0 0 0 0 0 0 0 0 0 0 0 0 0 0 0 0 0 0 0 0 0 0 0 0 0 0 0 0 0 0 0 0 0 0 0 0 0 0 0 0 0 0 0 0 0 0 0 0 0 0 0 0 0 0 0 0 0 0 0 0 0 0 0 0 0 data 129 0x20008 0x10 0x0 0x2f0 0x1722 0x90 0x0 0xe8 0x0 0x2f0 0x0 0x2f0 0x0 0x1e8 0x0 0x240 0x0 0x298 0x2e0004 0x0 0x1477e011300 0x1722 0x0 0x0 0x330002 0x1722 0x360003 0x1722 0x2d0 0x3a0004 0x0 0x0 0x0 0x0 0x0 0x3d0007 0x0 0x78 0x0 0x420004 0x0 0x0 0x0 0x0 0x0 0x470002 0x0 0x4a0003 0x0 0x228 0x4f0004 0x0 0x0 0x0 0x0 0x0 0x540002 0x0 0x570003 0x0 0x1d0 0x5c0004 0x0 0x0 0x0 0x0 0x0 0x610002 0x0 0x640003 0x0 0x178 0x690004 0x0 0x0 0x0 0x0 0x0 0x6e0002 0x0 0x710003 0x0 0x120 0x760004 0x0 0x0 0x0 0x0 0x0 0x7b0002 0x0 0x7e0003 0x0 0xc8 0x890002 0x0 0x8e0005 0x0 0x0 0x0 0x0 0x0 0x930005 0x0 0x0 0x0 0x0 0x0 0x960005 0x0 0x0 0x0 0x0 0x0 0x990002 0x0 0x0 0x0 0x0 0x0 0x0 0x0 0x9 0x5 0x0 0x0 0x0 0x0 0x0 oops 1 20 [B methods 0
ciMethodData java/lang/String startsWith (Ljava/lang/String;I)Z 2 6185 orig 80 0 0 0 0 0 0 0 0 0 0 0 0 0 0 0 0 0 0 0 0 0 0 0 0 0 0 0 0 0 0 0 0 0 0 0 0 0 0 0 0 0 0 0 0 0 0 0 0 0 0 0 0 0 0 0 0 0 0 0 0 0 0 0 0 0 0 0 0 0 0 0 0 0 0 0 0 0 0 0 0 data 74 0x10007 0x0 0xa0 0x1829 0x60005 0x3b 0x1477dffc888 0x17ee 0x0 0x0 0xa0005 0x3b 0x1477dffc888 0x17ee 0x0 0x0 0xe0007 0x1670 0x20 0x1b9 0x270005 0x3a 0x1477dffc888 0x1636 0x0 0x0 0x2f0005 0x3a 0x1477dffc888 0x1636 0x0 0x0 0x320007 0x0 0x88 0x1670 0x380007 0x1670 0x20 0x0 0x460002 0x1670 0x490007 0x1361 0x38 0x30f 0x4d0003 0x30f 0x18 0x540007 0x0 0x20 0x0 0x5d0007 0x0 0x50 0x0 0x650002 0x0 0x740007 0x0 0xffffffffffffffd0 0x0 0x0 0x0 0x0 0x0 0x0 0x0 0x9 0x3 0xffffffffffffffff 0xffffffffffffffff 0x0 oops 4 6 java/lang/String 12 java/lang/String 22 java/lang/String 28 java/lang/String methods 0
ciMethodData jdk/internal/util/ArraysSupport mismatch ([BI[BII)I 2 5121 orig 80 0 0 0 0 0 0 0 0 0 0 0 0 0 0 0 0 0 0 0 0 0 0 0 0 0 0 0 0 0 0 0 0 0 0 0 0 0 0 0 0 0 0 0 0 0 0 0 0 0 0 0 0 0 0 0 0 0 0 0 0 0 0 0 0 0 0 0 0 0 0 0 0 0 0 0 0 0 0 0 0 data 38 0x70007 0x67d 0x70 0xd84 0x100007 0x23f 0x20 0xb45 0x300002 0x23f 0x370007 0x23d 0x20 0x2 0x4a0007 0x2d1 0x58 0x732 0x590007 0x149 0x20 0x5e9 0x620003 0x149 0xffffffffffffffc0 0x0 0x0 0x0 0x0 0x0 0x0 0x9 0x5 0xffffffffffffffff 0x0 0xffffffffffffffff 0x0 0x0 oops 0 methods 0
ciMethodData java/lang/String startsWith (Ljava/lang/String;)Z 2 16859 orig 80 0 0 0 0 0 0 0 0 0 0 0 0 0 0 0 0 0 0 0 0 0 0 0 0 0 0 0 0 0 0 0 0 0 0 0 0 0 0 0 0 0 0 0 0 0 0 0 0 0 0 0 0 0 0 0 0 0 0 0 0 0 0 0 0 0 0 0 0 0 0 0 0 0 0 0 0 0 0 0 0 data 16 0x30005 0x0 0x1477dffc888 0x41db 0x0 0x0 0x0 0x0 0x0 0x0 0x0 0x0 0x9 0x2 0xffffffffffffffff 0xffffffffffffffff oops 1 2 java/lang/String methods 0
ciMethodData java/util/zip/ZipCoder hash (Ljava/lang/String;)I 2 5120 orig 80 0 0 0 0 0 0 0 0 0 0 0 0 0 0 0 0 0 0 0 0 0 0 0 0 0 0 0 0 0 0 0 0 0 0 0 0 0 0 0 0 0 0 0 0 0 0 0 0 0 0 0 0 0 0 0 0 0 0 0 0 0 0 0 0 0 0 0 0 0 0 0 0 0 0 0 0 0 0 0 0 data 35 0x10005 0x291 0x1477dffc888 0x116f 0x0 0x0 0x60005 0x291 0x1477dffc888 0x116f 0x0 0x0 0xb0007 0x0 0x70 0x1400 0x120005 0x291 0x1477dffc888 0x116f 0x0 0x0 0x170007 0x0 0x20 0x1400 0x0 0x0 0x0 0x0 0x0 0x0 0x9 0x1 0x0 oops 3 2 java/lang/String 8 java/lang/String 18 java/lang/String methods 0
ciMethodData java/util/zip/ZipFile ensureOpen ()V 2 5120 orig 80 0 0 0 0 0 0 0 0 0 0 0 0 0 0 0 0 0 0 0 0 0 0 0 0 0 0 0 0 0 0 0 0 0 0 0 0 0 0 0 0 0 0 0 0 0 0 0 0 0 0 0 0 0 0 0 0 0 0 0 0 0 0 0 0 0 0 0 0 0 0 0 0 0 0 0 0 0 0 0 0 data 21 0x40007 0x1401 0x30 0x0 0xe0002 0x0 0x190007 0x1401 0x30 0x0 0x230002 0x0 0x0 0x0 0x0 0x0 0x0 0x0 0x9 0x1 0x0 oops 0 methods 0
ciMethodData java/util/zip/ZipFile getEntry (Ljava/lang/String;)Ljava/util/zip/ZipEntry; 2 5230 orig 80 0 0 0 0 0 0 0 0 0 0 0 0 0 0 0 0 0 0 0 0 0 0 0 0 0 0 0 0 0 0 0 0 0 0 0 0 0 0 0 0 0 0 0 0 0 0 0 0 0 0 0 0 0 0 0 0 0 0 0 0 0 0 0 0 0 0 0 0 0 0 0 0 0 0 0 0 0 0 0 0 data 39 0x30002 0x146f 0xe0005 0x146f 0x0 0x0 0x0 0x0 0x1e0005 0x146f 0x0 0x0 0x0 0x0 0x250007 0x13be 0x50 0xb1 0x330005 0xb1 0x0 0x0 0x0 0x0 0x390003 0x146f 0x18 0x0 0x0 0x0 0x0 0x0 0x0 0x9 0x2 0xffffffffffffffff 0x0 0x3c0001 0x3c0001 oops 0 methods 0
ciMethodData java/util/jar/JarFile getVersionedEntry (Ljava/lang/String;Ljava/util/jar/JarEntry;)Ljava/util/jar/JarEntry; 2 5120 orig 80 0 0 0 0 0 0 0 0 0 0 0 0 0 0 0 0 0 0 0 0 0 0 0 0 0 0 0 0 0 0 0 0 0 0 0 0 0 0 0 0 0 0 0 0 0 0 0 0 0 0 0 0 0 0 0 0 0 0 0 0 0 0 0 0 0 0 0 0 0 0 0 0 0 0 0 0 0 0 0 0 data 100 0x70007 0x1 0x2c8 0x13ff 0xd0005 0xf4 0x1477dffc888 0x130b 0x0 0x0 0x100007 0x50 0x278 0x13af 0x180005 0x0 0x1477e4b3a20 0x13af 0x0 0x0 0x230005 0x0 0x1477e4b3ac8 0x13af 0x0 0x0 0x2d0007 0x13ae 0x1f8 0x1 0x350002 0x1 0x3a0005 0x0 0x1477dfff2b8 0x1 0x0 0x0 0x3f0005 0x0 0x1477dfff2b8 0x1 0x0 0x0 0x450005 0x0 0x1477dfff2b8 0x1 0x0 0x0 0x490005 0x0 0x1477dfff2b8 0x1 0x0 0x0 0x4c0005 0x0 0x1477dfff2b8 0x1 0x0 0x0 0x4f0002 0x1 0x520004 0x0 0x1477e4b3b70 0x1 0x0 0x0 0x590007 0x0 0x50 0x1 0x5f0005 0x0 0x1477e4b3b70 0x1 0x0 0x0 0x680005 0x0 0x0 0x0 0x0 0x0 0x6d0003 0x0 0xfffffffffffffe20 0x0 0x0 0x0 0x0 0x0 0x0 0x9 0x3 0xffffffffffffffff 0xffffffffffffffff 0x0 oops 10 6 java/lang/String 16 java/util/zip/ZipFile$1 22 java/util/BitSet 34 java/lang/StringBuilder 40 java/lang/StringBuilder 46 java/lang/StringBuilder 52 java/lang/StringBuilder 58 java/lang/StringBuilder 66 java/util/jar/JarFile$JarFileEntry 76 java/util/jar/JarFile$JarFileEntry methods 0
ciMethodData java/lang/Integer hashCode ()I 2 5050 orig 80 0 0 0 0 0 0 0 0 0 0 0 0 0 0 0 0 0 0 0 0 0 0 0 0 0 0 0 0 0 0 0 0 0 0 0 0 0 0 0 0 0 0 0 0 0 0 0 0 0 0 0 0 0 0 0 0 0 0 0 0 0 0 0 0 0 0 0 0 0 0 0 0 0 0 0 0 0 0 0 0 data 11 0x40002 0x13ba 0x0 0x0 0x0 0x0 0x0 0x0 0x9 0x1 0x0 oops 0 methods 0
ciMethodData java/lang/Integer hashCode (I)I 2 5056 orig 80 0 0 0 0 0 0 0 0 0 0 0 0 0 0 0 0 0 0 0 0 0 0 0 0 0 0 0 0 0 0 0 0 0 0 0 0 0 0 0 0 0 0 0 0 0 0 0 0 0 0 0 0 0 0 0 0 0 0 0 0 0 0 0 0 0 0 0 0 0 0 0 0 0 0 0 0 0 0 0 0 data 4 0x0 0x9 0x1 0x0 oops 0 methods 0
ciMethodData java/util/BitSet checkInvariants ()V 2 5120 orig 80 0 0 0 0 0 0 0 0 0 0 0 0 0 0 0 0 0 0 0 0 0 0 0 0 0 0 0 0 0 0 0 0 0 0 0 0 0 0 0 0 0 0 0 0 0 0 0 0 0 0 0 0 0 0 0 0 0 0 0 0 0 0 0 0 0 0 0 0 0 0 0 0 0 0 0 0 0 0 0 0 data 55 0x30007 0x1400 0x70 0x0 0xa0007 0x0 0x50 0x0 0x1a0007 0x0 0x30 0x0 0x210002 0x0 0x280007 0x1400 0x70 0x0 0x2f0007 0x0 0x40 0x0 0x3b0007 0x0 0x30 0x0 0x420002 0x0 0x490007 0x1400 0x70 0x0 0x550007 0x0 0x50 0x0 0x630007 0x0 0x30 0x0 0x6a0002 0x0 0x0 0x0 0x0 0x0 0x0 0x0 0x0 0x0 0x0 0x0 0x9 0x1 0x0 oops 0 methods 0
ciMethodData java/lang/Integer valueOf (I)Ljava/lang/Integer; 2 5024 orig 80 0 0 0 0 0 0 0 0 0 0 0 0 0 0 0 0 0 0 0 0 0 0 0 0 0 0 0 0 0 0 0 0 0 0 0 0 0 0 0 0 0 0 0 0 0 0 0 0 0 0 0 0 0 0 0 0 0 0 0 0 0 0 0 0 0 0 0 0 0 0 0 0 0 0 0 0 0 0 0 0 data 17 0x30007 0x9b1 0x40 0x9ef 0xa0007 0x9a1 0x20 0x4e 0x1c0002 0x1352 0x0 0x0 0x0 0x0 0x9 0x1 0x0 oops 0 methods 0
ciMethodData java/lang/Integer <init> (I)V 2 4946 orig 80 0 0 0 0 0 0 0 0 0 0 0 0 0 0 0 0 0 0 0 0 0 0 0 0 0 0 0 0 0 0 0 0 0 0 0 0 0 0 0 0 0 0 0 0 0 0 0 0 0 0 0 0 0 0 0 0 0 0 0 0 0 0 0 0 0 0 0 0 0 0 0 0 0 0 0 0 0 0 0 0 data 10 0x10002 0x1352 0x0 0x0 0x0 0x0 0x9 0x2 0x6 0x0 oops 0 methods 0
ciMethodData java/lang/Number <init> ()V 2 5076 orig 80 0 0 0 0 0 0 0 0 0 0 0 0 0 0 0 0 0 0 0 0 0 0 0 0 0 0 0 0 0 0 0 0 0 0 0 0 0 0 0 0 0 0 0 0 0 0 0 0 0 0 0 0 0 0 0 0 0 0 0 0 0 0 0 0 0 0 0 0 0 0 0 0 0 0 0 0 0 0 0 0 data 7 0x10002 0x13d4 0x0 0x0 0x9 0x1 0x0 oops 0 methods 0
ciMethodData java/util/BitSet wordIndex (I)I 2 6741 orig 80 0 0 0 0 0 0 0 0 0 0 0 0 0 0 0 0 0 0 0 0 0 0 0 0 0 0 0 0 0 0 0 0 0 0 0 0 0 0 0 0 0 0 0 0 0 0 0 0 0 0 0 0 0 0 0 0 0 0 0 0 0 0 0 0 0 0 0 0 0 0 0 0 0 0 0 0 0 0 0 0 data 4 0x0 0x9 0x1 0x0 oops 0 methods 0
ciMethodData java/util/zip/ZipFile$1 getMetaInfVersions (Ljava/util/jar/JarFile;Ljava/lang/String;)Ljava/util/BitSet; 2 4911 orig 80 0 0 0 0 0 0 0 0 0 0 0 0 0 0 0 0 0 0 0 0 0 0 0 0 0 0 0 0 0 0 0 0 0 0 0 0 0 0 0 0 0 0 0 0 0 0 0 0 0 0 0 0 0 0 0 0 0 0 0 0 0 0 0 0 0 0 0 0 0 0 0 0 0 0 0 0 0 0 0 0 data 17 0x20005 0x132f 0x0 0x0 0x0 0x0 0x0 0x0 0x0 0x0 0x0 0x0 0x9 0x3 0x0 0x0 0x0 oops 0 methods 0
ciMethodData java/util/zip/ZipFile getMetaInfVersions (Ljava/lang/String;)Ljava/util/BitSet; 2 4911 orig 80 0 0 0 0 0 0 0 0 0 0 0 0 0 0 0 0 0 0 0 0 0 0 0 0 0 0 0 0 0 0 0 0 0 0 0 0 0 0 0 0 0 0 0 0 0 0 0 0 0 0 0 0 0 0 0 0 0 0 0 0 0 0 0 0 0 0 0 0 0 0 0 0 0 0 0 0 0 0 0 0 data 34 0x50005 0x132f 0x0 0x0 0x0 0x0 0x130002 0x132f 0x160002 0x132f 0x1c0005 0x0 0x1477e595228 0x132f 0x0 0x0 0x210004 0x0 0x1477e4b3ac8 0x132f 0x0 0x0 0x0 0x0 0x0 0x0 0x0 0x0 0x9 0x2 0x0 0x0 0x270001 0x270001 oops 2 12 java/util/HashMap 18 java/util/BitSet methods 0
ciMethodData java/util/BitSet previousSetBit (I)I 2 4919 orig 80 0 0 0 0 0 0 0 0 0 0 0 0 0 0 0 0 0 0 0 0 0 0 0 0 0 0 0 0 0 0 0 0 0 0 0 0 0 0 0 0 0 0 0 0 0 0 0 0 0 0 0 0 0 0 0 0 0 0 0 0 0 0 0 0 0 0 0 0 0 0 0 0 0 0 0 0 0 0 0 0 data 71 0x10007 0x1337 0xf0 0x0 0x60007 0x0 0x20 0x0 0x130002 0x0 0x180005 0x0 0x0 0x0 0x0 0x0 0x1c0005 0x0 0x0 0x0 0x0 0x0 0x1f0005 0x0 0x0 0x0 0x0 0x0 0x220002 0x0 0x270005 0x1337 0x0 0x0 0x0 0x0 0x2b0002 0x1337 0x340007 0x1 0x50 0x1336 0x380005 0x0 0x1477e4b3ac8 0x1336 0x0 0x0 0x510007 0x0 0x30 0x1 0x5d0002 0x1 0x660007 0x0 0x20 0x0 0x720003 0x0 0xffffffffffffffb0 0x0 0x0 0x0 0x0 0x0 0x0 0x9 0x2 0x0 0x0 oops 1 44 java/util/BitSet methods 0
ciMethodData java/util/jar/JarFile$JarFileEntry withBasename (Ljava/lang/String;)Ljava/util/jar/JarFile$JarFileEntry; 1 1 orig 80 0 0 0 0 0 0 0 0 0 0 0 0 0 0 0 0 0 0 0 0 0 0 0 0 0 0 0 0 0 0 0 0 0 0 0 0 0 0 0 0 0 0 0 0 0 0 0 0 0 0 0 0 0 0 0 0 0 0 0 0 0 0 0 0 0 0 0 0 0 0 0 0 0 0 0 0 0 0 0 0 data 8 0x0 0x0 0x0 0x0 0x9 0x2 0x1000 0x0 oops 0 methods 0
ciMethodData java/util/HashMap getOrDefault (Ljava/lang/Object;Ljava/lang/Object;)Ljava/lang/Object; 2 4777 orig 80 0 0 0 0 0 0 0 0 0 0 0 0 0 0 0 0 0 0 0 0 0 0 0 0 0 0 0 0 0 0 0 0 0 0 0 0 0 0 0 0 0 0 0 0 0 0 0 0 0 0 0 0 0 0 0 0 0 0 0 0 0 0 0 0 0 0 0 0 0 0 0 0 0 0 0 0 0 0 0 0 data 24 0x20005 0x6 0x1477e595228 0x12a4 0x0 0x0 0x70007 0x3 0x38 0x12a7 0xb0003 0x12a7 0x18 0x0 0x0 0x0 0x0 0x0 0x0 0x9 0x3 0x0 0x0 0x0 oops 1 2 java/util/HashMap methods 0
ciMethodData java/util/BitSet length ()I 2 4771 orig 80 0 0 0 0 0 0 0 0 0 0 0 0 0 0 0 0 0 0 0 0 0 0 0 0 0 0 0 0 0 0 0 0 0 0 0 0 0 0 0 0 0 0 0 0 0 0 0 0 0 0 0 0 0 0 0 0 0 0 0 0 0 0 0 0 0 0 0 0 0 0 0 0 0 0 0 0 0 0 0 0 data 15 0x40007 0x0 0x20 0x12a4 0x1f0002 0x0 0x0 0x0 0x0 0x0 0x0 0x0 0x9 0x1 0x0 oops 0 methods 0
compile java/util/jar/JarFile getVersionedEntry (Ljava/lang/String;Ljava/util/jar/JarEntry;)Ljava/util/jar/JarEntry; -1 4 inline 42 0 -1 0 java/util/jar/JarFile getVersionedEntry (Ljava/lang/String;Ljava/util/jar/JarEntry;)Ljava/util/jar/JarEntry; 1 13 0 java/lang/String startsWith (Ljava/lang/String;)Z 2 3 0 java/lang/String startsWith (Ljava/lang/String;I)Z 3 6 0 java/lang/String length ()I 4 6 0 java/lang/String coder ()B 3 10 0 java/lang/String length ()I 4 6 0 java/lang/String coder ()B 3 39 0 java/lang/String coder ()B 3 47 0 java/lang/String coder ()B 3 70 0 jdk/internal/util/ArraysSupport mismatch ([BI[BII)I 1 24 0 java/util/zip/ZipFile$1 getMetaInfVersions (Ljava/util/jar/JarFile;Ljava/lang/String;)Ljava/util/BitSet; 2 2 0 java/util/zip/ZipFile getMetaInfVersions (Ljava/lang/String;)Ljava/util/BitSet; 3 5 0 java/util/zip/ZipFile ensureOpen ()V 3 19 0 java/util/zip/ZipCoder hash (Ljava/lang/String;)I 4 1 0 java/lang/String hashCode ()I 5 17 0 java/lang/String isLatin1 ()Z 5 27 0 java/lang/StringLatin1 hashCode ([B)I 6 5 0 jdk/internal/util/ArraysSupport hashCodeOfUnsigned ([BIII)I 7 51 0 jdk/internal/util/ArraysSupport vectorizedHashCode (Ljava/lang/Object;IIII)I 8 51 0 jdk/internal/util/ArraysSupport unsignedHashCode (I[BII)I 9 23 0 java/lang/Byte toUnsignedInt (B)I 7 39 0 java/lang/Byte toUnsignedInt (B)I 4 6 0 java/lang/String length ()I 5 6 0 java/lang/String coder ()B 4 18 0 java/lang/String charAt (I)C 5 1 0 java/lang/String isLatin1 ()Z 5 12 0 java/lang/StringLatin1 charAt ([BI)C 6 3 0 java/lang/String checkIndex (II)V 3 22 0 java/lang/Integer valueOf (I)Ljava/lang/Integer; 4 28 0 java/lang/Integer <init> (I)V 5 1 0 java/lang/Number <init> ()V 6 1 0 java/lang/Object <init> ()V 3 28 0 java/util/HashMap getOrDefault (Ljava/lang/Object;Ljava/lang/Object;)Ljava/lang/Object; 4 2 0 java/util/HashMap getNode (Ljava/lang/Object;)Ljava/util/HashMap$Node; 5 23 0 java/util/HashMap hash (Ljava/lang/Object;)I 6 9 0 java/lang/Integer hashCode ()I 7 4 0 java/lang/Integer hashCode (I)I 1 35 0 java/util/BitSet previousSetBit (I)I 2 39 0 java/util/BitSet checkInvariants ()V 2 43 0 java/util/BitSet wordIndex (I)I 2 56 0 java/util/BitSet length ()I 1 53 0 java/lang/StringBuilder <init> ()V
